frame,t_s,x_px_filt,y_px_filt,x_mm,y_mm,angle_deg_raw,mm_per_px,angle_deg_unwrapped,angular_vel_dps,vx_mm_s,vy_mm_s,speed_mm_s
0,0.0,158.0,360.5,0.0,0.0,-90.0,0.5714285714285714,-54.0,,,,
1,0.008496933207256183,158.4906463623047,360.5,0.280369349888403,0.0,-90.0,0.5714285714285714,-72.0,,,,
2,0.016993866414512365,158.15963745117188,360.5,0.09122140066965301,0.0,-90.0,0.5714285714285714,-90.0,,,,
3,0.025490799621768548,158.4035186767578,360.5,0.2305821010044724,0.0,-90.0,0.5714285714285714,-90.0,-847.364551936382,3.1893400494024795,0.0,3.1893400494024795
4,0.03398773282902473,158.503173828125,360.5,0.2875279017857224,0.0,-90.0,0.5714285714285714,-90.0,-423.682275968191,-1.4885639239587132,0.0,1.4885639239587132
5,0.04248466603628091,158.23712158203125,360.5,0.135498046875,0.0,-90.0,0.5714285714285714,-90.0,0.0,4.0794409370638105,0.0,4.0794409370638105
6,0.050981599243537096,158.37997436523438,360.5,0.2171282087053612,0.0,-90.0,0.5714285714285714,-90.0,0.0,-2.523149714758903,0.0,2.523149714758903
7,0.05947853245079328,158.4629364013672,360.5,0.2645350864955418,0.0,-90.0,0.5714285714285714,-90.0,0.0,-1.9690172737433143,0.0,1.9690172737433143
8,0.06797546565804946,158.21592712402344,360.5,0.12338692801340301,0.0,-90.0,0.5714285714285714,-90.0,0.0,2.8041153857779304,0.0,2.8041153857779304
9,0.07647239886530564,158.35678100585938,360.5,0.2038748604910694,0.0,-90.0,0.5714285714285714,-90.0,0.0,1.53679396975074,0.0,1.53679396975074
10,0.08496933207256183,158.4456024169922,360.5,0.2546299525669724,0.0,-90.0,0.5714285714285714,-90.0,0.0,0.712778506536154,0.0,0.712778506536154
11,0.09346626527981801,158.49423217773438,360.5,0.2824183872767918,0.0,-90.0,0.5714285714285714,-90.0,0.0,0.22616812962920374,0.0,0.22616812962920374
12,0.10196319848707419,158.51593017578125,360.5,0.2948172433035694,0.0,-90.0,0.5714285714285714,-90.0,0.0,-0.030169432899752824,0.0,0.030169432899752824
13,0.11046013169433037,158.2327423095703,360.5,0.13299560546875,0.0,-90.0,0.5714285714285714,-90.0,0.0,-0.13196561465693613,0.0,0.13196561465693613
14,0.11895706490158656,158.3545379638672,360.5,0.2025931222098194,0.0,-90.0,0.5714285714285714,-90.0,0.0,-0.14756341670020168,0.0,0.14756341670020168
15,0.12745399810884275,158.435791015625,360.5,0.2490234375,0.0,-90.0,0.5714285714285714,-90.0,0.0,-0.12375624516002193,0.0,0.12375624516002193
16,0.13595093131609892,158.48326110839844,360.5,0.2761492047991112,0.0,-90.0,0.5714285714285714,-90.0,0.0,3.7997066714697847,0.0,3.7997066714697847
17,0.14444786452335512,158.50672912597656,360.5,0.2895595005580418,0.0,-90.0,0.5714285714285714,-90.0,0.0,2.1676840155593267,0.0,2.1676840155593267
18,0.1529447977306113,158.51524353027344,360.5,0.2944248744419724,0.0,-90.0,0.5714285714285714,-90.0,0.0,-2.853782071231522,0.0,2.853782071231522
19,0.16144173093786748,158.5157012939453,360.5,0.2946864536830418,0.0,-90.0,0.5714285714285714,-90.0,0.0,-1.8795351462308438,0.0,1.8795351462308438
20,0.16993866414512365,158.22361755371094,360.5,0.127781459263403,0.0,-90.0,0.5714285714285714,-90.0,0.0,-1.0824053681177779,0.0,1.0824053681177779
21,0.17843559735237985,158.34352111816406,360.5,0.1962977818080418,0.0,-90.0,0.5714285714285714,-90.0,0.0,-0.5237577738789558,0.0,0.5237577738789558
22,0.18693253055963602,158.42625427246094,360.5,0.2435738699776806,0.0,-90.0,0.5714285714285714,-90.0,0.0,-0.18060612892374805,0.0,0.18060612892374805
23,0.19542946376689221,158.47630310058594,360.5,0.2721732003348194,0.0,-90.0,0.5714285714285714,-90.0,0.0,3.889188798981595,0.0,3.889188798981595
24,0.20392639697414838,158.5022735595703,360.5,0.2870134626116112,0.0,-90.0,0.5714285714285714,-90.0,-6.27154269601903,2.300675801403043,0.0,2.300675801403043
25,0.21242333018140458,158.5127716064453,360.5,0.2930123465401806,0.0,-90.0,0.5714285714285714,-90.0,-6.27154269601903,1.1579315674857644,0.0,1.1579315674857644
26,0.22092026338866075,158.5145721435547,360.5,0.294041224888403,0.0,-90.0,0.5714285714285714,-90.26644439697264,-6.27154269601903,0.16459785840569502,-0.08414603734002121,0.1848594346842202
27,0.22941719659591694,158.51234436035156,360.5,0.2927682059151806,0.0,-90.0,0.5714285714285714,-90.26644439697264,-6.27154269601903,-0.11185265939009884,-0.04802481155480492,0.12172674290192764
28,0.2379141298031731,158.48854064941406,360.4937438964844,0.2791660853794724,-0.0035749162946672186,88.66777801513672,0.5714285714285714,-90.26644439697264,-6.27154269601903,-0.20564470588792302,-0.022986234590288382,0.20692537795149762
29,0.2464110630104293,158.49395751953125,360.4964294433594,0.282261439732153,-0.002040318080361203,-90.0,0.5714285714285714,-90.26644439697264,6.271542696019385,-0.20277142656447145,-0.007798901021800642,0.2029213500057071
30,0.2549079962176855,158.4974822998047,360.498291015625,0.284275599888403,-0.0009765625,-90.0,0.5714285714285714,-90.26644439697264,6.271542696019385,-0.16008270518246004,0.00041046847444411484,0.1600832314232285
31,0.26340492942494165,158.49949645996094,360.4994201660156,0.2854265485491112,-0.0003313337053612031,-90.0,0.5714285714285714,-89.99999999999999,6.271542696019385,0.16418738993058168,0.08784025361336463,0.18620797288805088
32,0.27190186263219784,158.5004425048828,360.5000305175781,0.2859671456473194,1.7438616055187595e-05,-90.0,0.5714285714285714,-89.99999999999999,6.271542696019385,0.09112400141126052,0.05253996477770591,0.10518570022603826
33,0.28039879583945404,158.50074768066406,360.5002746582031,0.2861415318080418,0.0001569475446387969,-90.0,0.5714285714285714,-89.99999999999999,6.271542696019385,0.04145731595734072,0.02668045086363179,0.04930066434312471
34,0.28889572904671024,158.500732421875,360.5003356933594,0.2861328125,0.0001918247767775938,-90.0,0.5714285714285714,-89.99999999999999,0.0,0.011903585769922825,0.010261711870473185,0.0157161727113989
35,0.29739266225396643,158.5005645751953,360.5002746582031,0.2860369001116112,0.0001569475446387969,-90.0,0.5714285714285714,-89.99999999999999,0.0,-0.0028732793237860287,0.0012314054246708507,0.003126034771464498
36,0.3058895954612226,158.50038146972656,360.50018310546875,0.2859322684151806,0.0001046316964163907,-90.0,0.5714285714285714,-89.99999999999999,0.0,-0.008414603734135908,-0.0028732793237860213,0.008891641584939769
37,0.31438652866847877,158.50022888183594,360.5001220703125,0.2858450753348194,6.97544642775938e-05,-90.0,0.5714285714285714,-89.99999999999999,0.0,-0.009235540683358991,-0.004104684748456881,0.010106614101576927
38,0.32288346187573497,158.5001220703125,360.50006103515625,0.2857840401785694,3.48772321387969e-05,-90.0,0.5714285714285714,-89.99999999999999,0.0,-0.0075936667842438415,-0.003694216273343601,0.008444584602238578
39,0.33138039508299116,158.5000457763672,360.5000305175781,0.285740443638403,1.7438616055187595e-05,-90.0,0.5714285714285714,-89.99999999999999,0.0,-0.005336090172793242,-0.0024628108486727334,0.005877014174606075
40,0.3398773282902473,158.5,360.5,0.2857142857142918,0.0,-90.0,0.5714285714285714,-89.99999999999999,0.0,-0.003283747798564805,-0.0016418738991151565,0.0036713416492033008
41,0.3483742614975035,158.49998474121094,360.5,0.28570556640625,0.0,-90.0,0.5714285714285714,-89.99999999999999,0.0,-0.001847108136671799,-0.0008209369495575796,0.002021322820261046
42,0.3568711947047597,158.49998474121094,360.5,0.28570556640625,0.0,-90.0,0.5714285714285714,-89.99999999999999,0.0,-0.0008209369498920747,-0.00041046847444429737,0.0009178354123756239
43,0.3653681279120159,158.49998474121094,360.5,0.28570556640625,0.0,-90.0,0.5714285714285714,-89.99999999999999,0.0,-0.0002052342375566411,0.0,0.0002052342375566411
44,0.37386506111927204,158.49998474121094,360.5,0.28570556640625,0.0,-90.0,0.5714285714285714,-89.99999999999999,0.0,0.0002052342375566411,0.0,0.0002052342375566411
45,0.38236199432652823,158.49998474121094,360.5,0.28570556640625,0.0,-90.0,0.5714285714285714,-89.99999999999999,0.0,-3.8877521593196973,0.0,3.8877521593196973
46,0.39085892753378443,158.5,360.5,0.2857142857142918,0.0,-90.0,0.5714285714285714,-89.99999999999999,0.0,-6.110644184742972,0.0,6.110644184742972
47,0.3993558607410406,158.2109375,360.5,0.1205357142857224,0.0,-90.0,0.5714285714285714,-89.99999999999999,0.0,-7.174578471493689,0.0,7.174578471493689
48,0.40785279394829677,158.04566955566406,360.5,0.026096888950903008,0.0,-90.0,0.5714285714285714,-89.99999999999999,0.0,-3.643112948323122,0.0,3.643112948323122
49,0.41634972715555296,157.96656799316406,360.5,-0.01910400390625,0.0,-90.0,0.5714285714285714,-89.99999999999999,0.0,-1.4052388235689315,0.0,1.4052388235689315
50,0.42484666036280916,158.2291259765625,360.5,0.1309291294642918,0.0,-90.0,0.5714285714285714,-89.99999999999999,0.0,3.715560634130087,0.0,3.715560634130087
51,0.43334359357006536,158.39552307128906,360.5,0.22601318359375,0.0,-90.0,0.5714285714285714,-89.99999999999999,0.0,2.6060643466739224,0.0,2.6060643466739224
52,0.4418405267773215,158.4871826171875,360.5,0.2783900669642918,0.0,-90.0,0.5714285714285714,-89.99999999999999,0.0,1.6026741599606034,0.0,1.6026741599606034
53,0.4503374599845777,158.2394256591797,360.5,0.136814662388403,0.0,-90.0,0.5714285714285714,-89.99999999999999,0.0,-3.037877182191365,0.0,3.037877182191365
54,0.4588343931918339,158.08572387695312,360.5,0.04898507254465301,0.0,-90.0,0.5714285714285714,-89.99999999999999,0.0,-5.752715674694372,0.0,5.752715674694372
55,0.4673313263990901,158.00326538085938,360.5,0.0018659319196530078,0.0,-90.0,0.5714285714285714,-89.99999999999999,0.0,-3.2098634731437583,0.0,3.2098634731437583
56,0.4758282596063462,157.9678192138672,360.5,-0.0183890206473194,0.0,-90.0,0.5714285714285714,-89.99999999999999,0.0,2.4100656499441264,0.0,2.4100656499441264
57,0.4843251928136024,158.24853515625,360.5,0.1420200892857224,0.0,-90.0,0.5714285714285714,-89.99999999999999,0.0,5.667338231930351,0.0,5.667338231930351
58,0.4928221260208586,158.41860961914062,360.5,0.2392054966517918,0.0,-90.0,0.5714285714285714,-89.99999999999999,0.0,7.2589297430702455,0.0,7.2589297430702455
59,0.5013190592281148,158.507080078125,360.5,0.2897600446428612,0.0,-90.0,0.5714285714285714,-89.99999999999999,0.0,7.820450616633193,0.0,7.820450616633193
60,0.509815992435371,158.54295349121094,360.5,0.3102591378348194,0.0,-90.0,0.5714285714285714,-89.99999999999999,0.0,3.944602043083415,0.0,3.944602043083415
61,0.5183129256426272,158.54925537109375,360.5,0.3138602120535694,0.0,-90.0,0.5714285714285714,-89.99999999999999,0.0,1.499236104303962,0.0,1.499236104303962
62,0.5268098588498833,158.54180908203125,360.5,0.309605189732153,0.0,-90.0,0.5714285714285714,-89.99999999999999,0.0,0.15967223670767897,0.0,0.15967223670767897
63,0.5353067920571395,158.5300750732422,360.5,0.3029000418526806,0.0,-90.0,0.5714285714285714,-89.99999999999999,0.0,-0.4383803311145904,0.0,0.4383803311145904
64,0.5438037252643957,158.51895141601562,360.5,0.296543666294653,0.0,-90.0,0.5714285714285714,-89.99999999999999,0.0,-0.600515378671278,0.0,0.600515378671278
65,0.5523006584716519,158.51036071777344,360.5,0.2916346958705418,0.0,-90.0,0.5714285714285714,-89.99999999999999,0.0,-0.5457178372821203,0.0,0.5457178372821203
66,0.5607975916789081,158.50460815429688,360.5,0.2883475167410694,0.0,-90.0,0.5714285714285714,-89.99999999999999,0.0,-0.4104684748266211,0.0,0.4104684748266211
67,0.5692945248861643,158.50123596191406,360.5,0.2864205496651806,0.0,-90.0,0.5714285714285714,-89.99999999999999,0.0,-0.26906208524910546,0.0,0.26906208524910546
68,0.5777914580934205,158.4995574951172,360.5,0.28546142578125,0.0,-90.0,0.5714285714285714,-89.99999999999999,0.0,-0.15413091229733047,0.0,0.15413091229733047
69,0.5862883913006767,158.4989471435547,360.5,0.2851126534598194,0.0,-90.0,0.5714285714285714,-89.99999999999999,0.0,-0.07408955970610087,0.0,0.07408955970610087
70,0.5947853245079329,158.4989013671875,360.5,0.2850864955357224,0.0,-90.0,0.5714285714285714,-89.99999999999999,0.0,-0.0250385769645165,0.0,0.0250385769645165
71,0.603282257715189,158.4990997314453,360.5,0.2851998465401806,0.0,-90.0,0.5714285714285714,-89.99999999999999,0.0,0.0008209369498921068,0.0,0.0008209369498921068
72,0.6117791909224451,158.49937438964844,360.5,0.2853567940848194,0.0,-90.0,0.5714285714285714,-89.99999999999999,0.0,0.011493117295144085,0.0,0.011493117295144085
73,0.6202761241297013,158.49961853027344,360.5,0.285496303013403,0.0,-90.0,0.5714285714285714,-89.99999999999999,0.0,0.013750693906594669,0.0,0.013750693906594669
74,0.6287730573369575,158.4998016357422,360.5,0.2856009347098194,0.0,-90.0,0.5714285714285714,-89.99999999999999,0.0,0.011903585769922839,0.0,0.011903585769922839
75,0.6372699905442137,158.4999237060547,360.5,0.2856706891741112,0.0,-90.0,0.5714285714285714,-89.99999999999999,0.0,-3.8793375555858955,0.0,3.8793375555858955
76,0.6457669237514699,158.49998474121094,360.5,0.28570556640625,0.0,-90.0,0.5714285714285714,-89.99999999999999,0.0,-6.105513328808055,3.887957393556919,7.238335837909617
77,0.6542638569587261,158.21095275878906,360.5,0.12054443359375,0.0,-90.0,0.5714285714285714,-89.99999999999999,10.78323211033763,-7.171910426407124,9.999012046775404,12.305142871009943
78,0.6627607901659823,158.04568481445312,360.7890625,0.0261056082589306,0.1651785714285552,-90.0,0.5714285714285714,-89.99999999999999,23.61756140020838,-7.530044170693595,17.174000986743522,18.752276531271185
79,0.6712577233732384,157.96658325195312,361.243408203125,-0.019095284598208195,0.4248046875,-90.0,0.5714285714285714,-89.5418779850006,44.3248208235938,-6.515776569396799,26.923037732349464,27.70027626287892
80,0.6797546565804946,157.94007873535156,361.77685546875,-0.03424072265625,0.7296316964285552,-90.0,0.5714285714285714,-88.99661579132078,66.75004987066134,-2.7117599789416738,37.57100043782599,37.66873658728827
81,0.6882515897877508,158.0155487060547,362.5016784667969,0.008884974888403008,1.1438162667410552,-87.70938992500305,0.5714285714285714,-88.11687479019162,93.63312913834413,-1.9441839310160305,43.60652889167573,43.64984780200466
82,0.696748522995007,158.00933837890625,363.2933349609375,0.005336216517861203,1.59619140625,-87.27368903160095,0.5714285714285714,-87.16414642333984,103.05170284572316,-1.9238657415122922,47.565086862903215,47.603978275632514
83,0.7052454562022632,157.90113830566406,364.0311279296875,-0.0564923967633888,2.017787388392833,-85.60129499435425,0.5714285714285714,-86.02202777862547,113.13544296130775,-2.959888171974372,50.767151435025504,50.85336373159013
84,0.7137423894095194,157.82354736328125,364.77978515625,-0.100830078125,2.445591517857139,-85.23635816574097,0.5714285714285714,-85.16376080512998,111.39155994972309,-5.568620563734849,51.600402438923446,51.90001027785743
85,0.7222393226167756,157.7200164794922,365.5513000488281,-0.1599905831473194,2.8864571707589164,-84.28940677642822,0.5714285714285714,-84.1900942802429,113.26970591671059,-7.739793561329989,49.64452015637484,50.24423136966783
86,0.7307362558240318,157.60153198242188,366.33807373046875,-0.2276960100446388,3.3360421316964164,-83.41805505752563,0.5714285714285714,-83.38444156646726,109.49643469773342,-8.945134237658223,49.092440057733484,49.900732433020266
87,0.7392331890312879,157.43389892578125,366.98431396484375,-0.323486328125,3.705322265625,-82.40535640716553,0.5714285714285714,-82.35192079544065,111.55201351958641,-10.475771180286275,47.740767370128715,48.876606376777666
88,0.7477301222385441,157.236083984375,367.6810607910156,-0.4365234375,4.103463309151778,-81.57303142547607,0.5714285714285714,-81.37010831832883,110.96879730271931,-12.464696175058533,46.060309434189016,47.717090815658075
89,0.7562270554458003,157.04469299316406,368.3292236328125,-0.5458897181919582,4.473842075892833,-80.07375431060791,0.5714285714285714,-80.42451076507567,115.06109007186527,-13.055976013046116,45.15153223092308,47.00126990256031
90,0.7647239886530565,156.7932891845703,368.9757995605469,-0.6895490373883888,4.843314034598194,-79.38034439086914,0.5714285714285714,-79.47562198638913,110.10586622130573,-13.10235895070144,46.08083285792985,47.9073581713028
91,0.7732209218603127,156.63084411621094,369.69500732421875,-0.782374790736597,5.254289899553555,-78.69006729125977,0.5714285714285714,-78.49610958099363,107.29402120106135,-12.888710109554163,46.577910180945494,48.32825845312812
92,0.7817178550675689,156.4597625732422,370.41033935546875,-0.8801356724330276,5.663051060267833,-77.66091251373291,0.5714285714285714,-77.67410984039304,108.94930619574738,-14.181275336783424,47.402951815347194,49.47876727431464
93,0.790214788274825,156.27783203125,371.14404296875,-0.984095982142847,6.082310267857139,-76.67546939849854,0.5714285714285714,-76.81175765991209,107.14024014900326,-13.123498077155087,48.230045792122574,49.983632509966036
94,0.7987117214820812,155.99034118652344,371.8535461425781,-1.14837646484375,6.487740652901778,-75.96375560760498,0.5714285714285714,-75.79583587646482,105.7554048154186,-13.501539542470505,46.299612555013496,48.22805918509741
95,0.8072086546893373,155.8175811767578,372.5616149902344,-1.247096470424097,6.892351422991055,-75.06858348846436,0.5714285714285714,-74.9238046646118,109.08326835472016,-14.666654308265734,45.18026502416161,47.501232576130604
96,0.8157055878965935,155.6270294189453,373.1372985839844,-1.355983189174097,7.2213134765625,-73.61045837402344,0.5714285714285714,-74.00312652587888,110.00999072661969,-15.933154787343362,43.44562524954375,46.275131278055134
97,0.8242025211038497,155.36932373046875,373.7694091796875,-1.5032435825892776,7.58251953125,-73.30075645446777,0.5714285714285714,-73.03974361419675,106.50947452645106,-16.585594428080007,41.72863561934439,44.903908217267414
98,0.8326994543111059,155.09323120117188,374.3741455078125,-1.6610107421875,7.928083147321416,-72.07207870483398,0.5714285714285714,-72.1380199432373,107.40912073022317,-17.085545030418746,41.102671195234024,44.512306482252605
99,0.8411963875183621,154.75723266601562,374.95599365234375,-1.8530099051339306,8.260567801339278,-71.14684104919434,0.5714285714285714,-71.27081642150878,107.16491443519607,-19.54958728480281,40.693434125831075,45.145785450687164
100,0.8496933207256183,154.54730224609375,375.6175231933594,-1.9729701450892776,8.638584681919639,-70.55996513366699,0.5714285714285714,-70.36056404113768,104.94537350005552,-19.907310560614167,40.28912267812747,44.939007776428994
101,0.8581902539328745,154.17355346679688,376.16278076171875,-2.1865408761160694,8.950160435267833,-69.27444076538086,0.5714285714285714,-69.45026092529295,105.0104936822301,-19.68340000759608,40.03422175526007,44.61137912470732
102,0.8666871871401307,153.88925170898438,376.76483154296875,-2.3489990234375,9.294189453125,-68.7494945526123,0.5714285714285714,-68.58117446899412,104.80015167773365,-18.967542987498298,39.56710863090772,43.878511510677384
103,0.8751841203473869,153.6298065185547,377.3506164550781,-2.49725341796875,9.628923688616055,-67.52056312561035,0.5714285714285714,-67.67668418884276,103.20700808267252,-19.754411053741222,38.07423478796299,42.893870316970755
104,0.883681053554643,153.34703063964844,377.8977355957031,-2.658839634486597,9.941563197544639,-66.8014087677002,0.5714285714285714,-66.81841697692869,97.72458461593767,-19.759336675438902,37.70399222367038,42.56785659926914
105,0.8921779867618992,153.07859802246094,378.4482727050781,-2.812229701450889,10.256155831473194,-66.03751373291016,0.5714285714285714,-65.9758487701416,93.11598824455092,-19.721778809992465,37.78813826100907,42.62501557376144
106,0.9006749199691554,152.70448303222656,378.96600341796875,-3.0260096958705276,10.552001953125,-64.98310470581055,0.5714285714285714,-65.29846458435057,89.69641771033238,-19.84225130735392,37.24919315356196,42.20447046860742
107,0.9091718531764116,152.4229736328125,379.5743103027344,-3.1868722098214306,10.899605887276778,-64.53665351867676,0.5714285714285714,-64.62517280578612,88.50245342432645,-21.214242184462023,36.81204422787128,42.48730012245729
108,0.9176687863836678,152.15457153320312,380.1200256347656,-3.340244838169639,11.211443219866055,-64.13364219665527,0.5714285714285714,-63.86596183776854,85.5763057609832,-22.555858394432537,37.669923340259295,43.90660397218971
109,0.926165719590924,151.76979064941406,380.6346435546875,-3.56011962890625,11.505510602678555,-63.43494987487793,0.5714285714285714,-63.05841979980467,90.2987737835702,-22.79146729898299,37.06489280836445,43.51157616699443
110,0.9346626527981802,151.401611328125,381.24896240234375,-3.7705078125,11.856549944196416,-62.241458892822266,0.5714285714285714,-62.34016799926756,97.35099545086055,-23.423588750215636,36.688903685423696,43.52861315936364
111,0.9431595860054364,151.00997924804688,381.7217102050781,-3.994297572544639,12.126691545758916,-60.94539451599121,0.5714285714285714,-61.462151336669905,100.7453978540022,-25.230470976402593,36.39295591507374,44.28344957122914
112,0.9516565192126925,150.6814727783203,382.30206298828125,-4.182015555245528,12.458321707589278,-60.94539451599121,0.5714285714285714,-60.489248275756815,99.06438578562107,-26.0351944212999,36.729540064431816,45.021000232109316
113,0.9601534524199486,150.2787322998047,382.8257751464844,-4.412152971540181,12.757585797991055,-59.74355888366699,0.5714285714285714,-59.58582725524901,105.97797172553828,-26.536376429063,34.85328866599955,43.80560471926422
114,0.9686503856272048,149.83412170410156,383.36541748046875,-4.666216169084819,13.065952845982139,-58.5704345703125,0.5714285714285714,-58.84970245361327,104.72490767544154,-26.287427299080733,36.0974186131989,44.65481457290998
115,0.977147318834461,149.42868041992188,383.8402404785156,-4.897896902901778,13.3372802734375,-57.7243537902832,0.5714285714285714,-57.83772926330565,103.46938337992347,-27.131350483324205,35.92748466462031,45.021043228422684
116,0.9856442520417172,149.05555725097656,384.4054870605469,-5.111110142299097,13.6602783203125,-57.2647705078125,0.5714285714285714,-57.012948608398425,100.93240344299105,-27.13504469959755,36.80547673227415,45.72694794471998
117,0.9941411852489734,148.664306640625,384.97320556640625,-5.334681919642847,13.984688895089278,-55.885528564453125,0.5714285714285714,-56.093386077880844,104.55184647017074,-26.7920982888799,36.557553773479,45.324069418155844
118,1.0026381184562296,148.26129150390625,385.56219482421875,-5.564976283482139,14.321254185267833,-55.61965560913086,0.5714285714285714,-55.29774780273436,98.43503884473525,-28.153416985642465,37.99829812011979,47.29149551444701
119,1.0111350516634858,147.84217834472656,386.0834045410156,-5.804469517299097,14.619088309151778,-53.97262191772461,0.5714285714285714,-54.40785217285154,100.72645216846104,-28.69544060665091,37.30255405528913,47.0628181334012
120,1.019631984870742,147.3355255126953,386.66534423828125,-6.093985421316958,14.951625279017833,-53.74616241455078,0.5714285714285714,-53.655749511718724,95.71042478896159,-30.14542049397606,37.06981843006247,47.779889233823376
121,1.0281289180779982,146.92210388183594,387.1788635253906,-6.330226353236597,15.245064871651778,-52.81529235839844,0.5714285714285714,-52.73361892700193,98.21285354202544,-30.510532202334108,35.15908767974543,46.55162748757227
122,1.0366258512852544,146.4230499267578,387.7292785644531,-6.615400041852681,15.559587751116055,-52.12501525878906,0.5714285714285714,-52.02716064453122,97.56455193660105,-29.397957401316706,34.40751990233766,45.256130249938444
123,1.0451227844925106,145.99288940429688,388.17620849609375,-6.8612060546875,15.814976283482139,-51.009002685546875,0.5714285714285714,-51.12520751953123,97.55533948476904,-29.425664023367453,32.1314722094247,43.56949861498447
124,1.0536197176997666,145.656494140625,388.64154052734375,-7.053431919642847,16.080880301339278,-50.440330505371094,0.5714285714285714,-50.26285476684568,91.3038558700289,-30.0235113569525,30.77035874689902,42.99100151908444
125,1.0621166509070228,145.1477813720703,389.05426025390625,-7.344124930245528,16.316720145089278,-49.23639678955078,0.5714285714285714,-49.51114349365232,100.28610415409516,-29.61160624246365,30.18297835942267,42.28308653473738
126,1.070613584114279,144.68991088867188,389.4665832519531,-7.605765206473208,16.552333286830333,-48.5035285949707,0.5714285714285714,-48.85460510253904,98.99919826096324,-29.206063389335043,31.71361530205039,43.11319443312339
127,1.0791105173215352,144.2214813232422,389.97332763671875,-7.873439243861597,16.841901506696416,-48.366458892822266,0.5714285714285714,-47.76653900146482,95.19436586441367,-29.654089729608657,28.032534019805897,40.806715149142505
128,1.0876074505287914,143.82147216796875,390.5340576171875,-8.102015904017847,17.162318638392833,-47.72631072998047,0.5714285714285714,-46.91925964355466,93.34853531082204,-28.66403976832682,26.83314513636246,39.26378552495052
129,1.0961043837360476,143.45176696777344,390.7257080078125,-8.31327601841518,17.271833147321416,-45.0,0.5714285714285714,-46.21855392456052,90.72932571124178,-28.908473745085853,26.875423389270363,39.471359700710316
130,1.1046013169433038,143.01666259765625,391.04925537109375,-8.56190708705357,17.456717354910694,-45.0,0.5714285714285714,-45.54526214599606,73.28950790562823,-29.309501444991557,26.402563706269675,39.44796883513257
131,1.11309825015056,142.54061889648438,391.4647216796875,-8.833932059151778,17.69412667410714,-45.0,0.5714285714285714,-44.99999999999997,64.12954729538555,-30.76153367469061,25.600508306458934,40.020719378444426
132,1.1215951833578162,142.04237365722656,391.9363098144531,-9.118643624441958,17.963605608258916,-45.0,0.5714285714285714,-44.65285873413083,63.48428059124626,-32.3188510681823,30.526130004377713,44.45618907881688
133,1.1300921165650724,141.53440856933594,392.4374084472656,-9.408909388950889,18.249947684151778,-45.0,0.5714285714285714,-44.19473724365232,66.86977582848459,-33.448255076667756,32.543993026625046,46.667946706394204
134,1.1385890497723286,141.04891967773438,392.9952697753906,-9.686331612723208,18.5687255859375,-43.2642936706543,0.5714285714285714,-43.521445465087865,76.46069242130328,-35.01521847931824,32.15486891248927,47.53946907500923
135,1.1470859829795848,140.52984619140625,393.4688415527344,-9.982945033482139,18.839338030133916,-42.70939254760742,0.5714285714285714,-42.70432205200192,87.00182044449404,-35.6440561827526,30.799091540137383,47.107141505901055
136,1.155582916186841,139.9373016357422,393.8553771972656,-10.321541922433028,19.06021554129464,-41.633541107177734,0.5714285714285714,-41.7515930175781,95.28236004370444,-36.70675906407865,28.908884213560633,46.72375998848312
137,1.1640798493940971,139.39230346679688,394.2261657714844,-10.632969447544639,19.2720947265625,-40.91438293457031,0.5714285714285714,-40.95661544799802,95.79949644799865,-39.116619479785555,26.15217793662518,47.053653740758996
138,1.1725767826013533,138.80532836914062,394.58673095703125,-10.9683837890625,19.478131975446416,-40.23635482788086,0.5714285714285714,-40.146697998046854,95.60585537957093,-40.196151568579204,23.750937358890297,46.68873125659042
139,1.1810737158086095,138.1406707763672,394.93963623046875,-11.34818812779018,19.679792131696416,-39.289405822753906,0.5714285714285714,-39.45143585205076,90.42601516262489,-39.138169074714135,23.46853504820917,45.63516643806541
140,1.1895706490158657,137.5413360595703,395.23468017578125,-11.690665108816958,19.848388671875,-38.65980529785156,0.5714285714285714,-38.64253921508787,89.37547240986547,-38.18937119515241,20.968782036515336,43.56739483118109
141,1.1980675822231217,137.02745056152344,395.6002197265625,-11.98431396484375,20.057268415178555,-38.157230377197266,0.5714285714285714,-37.90987396240232,89.85421461919577,-36.67002213558161,22.272019444090184,42.90376875685837
142,1.206564515430378,136.55299377441406,395.78515625,-12.25543212890625,20.162946428571416,-36.86989974975586,0.5714285714285714,-37.15952835083006,94.51871423142576,-35.50798588334773,21.79341320244192,41.662572178208
143,1.215061448637634,136.0789794921875,396.24261474609375,-12.526297433035708,20.42435128348214,-36.573028564453125,0.5714285714285714,-36.329271697998024,90.44828307738425,-35.62866361494674,21.363242240823578,41.54262618115444
144,1.2235583818448903,135.50071716308594,396.5599365234375,-12.85673304966518,20.605678013392833,-35.53767776489258,0.5714285714285714,-35.435839843749974,92.51259060755788,-36.749242551223105,20.79474340318893,42.22473423590842
145,1.2320553150521465,134.8924102783203,396.822998046875,-13.204336983816958,20.755998883928555,-34.508522033691406,0.5714285714285714,-34.79987411499022,91.47959281666952,-39.211642931707715,23.75134782736474,45.844077752968346
146,1.2405522482594027,134.2952117919922,397.1462707519531,-13.54559326171875,20.940726143973194,-33.69007110595703,0.5714285714285714,-33.97950744628904,88.62439719462745,-41.426736056109505,21.074272434545733,46.47902127743244
147,1.2490491814666589,133.63768005371094,397.551025390625,-13.92132568359375,21.172014508928555,-33.69007110595703,0.5714285714285714,-33.273048400878885,83.75900148367755,-42.42355874722536,20.95564704532162,47.316989336467486
148,1.257546114673915,132.9989776611328,397.8094482421875,-14.28629847935268,21.319684709821416,-32.471195220947266,0.5714285714285714,-32.56409378051756,88.62827612171475,-42.564759902565996,22.62379092701662,48.203679335424695
149,1.2660430478811713,132.3466033935547,398.1179504394531,-14.659083775111597,21.4959716796875,-32.0053825378418,0.5714285714285714,-31.87736663818357,86.19342330674682,-42.99513609842157,21.996595097481713,48.2952577796656
150,1.2745399810884275,131.72779846191406,398.5050354003906,-15.012686593191958,21.7171630859375,-30.963748931884766,0.5714285714285714,-31.03453140258787,88.079282232918,-43.18661964192811,20.68514832041062,47.88485644892294
151,1.2830369142956837,131.09860229492188,398.78167724609375,-15.372227260044639,21.875244140625,-30.25643539428711,0.5714285714285714,-30.317608642578104,92.09921550284403,-42.87343219563544,22.23918196610374,48.298161484214106
152,1.2915338475029399,130.4268341064453,399.08892822265625,-15.756094796316958,22.05081612723214,-29.475894927978516,0.5714285714285714,-29.531029510498026,93.31260136127875,-42.03628174122692,21.046771046732545,47.01080252581727
153,1.300030780710196,129.81141662597656,399.462890625,-16.10776192801339,22.264508928571416,-28.886581420898438,0.5714285714285714,-28.65128936767576,90.27719725164815,-38.939297098660376,16.08872233930189,42.13212367124273
154,1.3085277139174523,129.22128295898438,399.6827392578125,-16.44498116629464,22.39013671875,-28.072486877441406,0.5714285714285714,-27.913011932373024,90.75195278591652,-38.439756964796395,15.027250863400848,41.27266872912623
155,1.3170246471247085,128.83273315429688,399.7012023925781,-16.66700962611607,22.400687081473194,-26.565048217773438,0.5714285714285714,-27.199134826660135,89.31913817712369,-37.387315795341365,13.343919648136751,39.6972489469549
156,1.3255215803319647,128.2406768798828,399.89892578125,-17.00532749720982,22.513671875,-26.565048217773438,0.5714285714285714,-26.462042236328102,83.04761343910023,-36.855553886203396,10.35694055682397,38.28313035733138
157,1.3340185135392206,127.64715576171875,400.0810241699219,-17.344482421875,22.617728097098194,-25.906509399414062,0.5714285714285714,-25.73633575439451,78.92454739944617,-36.44467494290199,10.05770903867511,37.807034303161565
158,1.3425154467464768,127.07127380371094,400.23291015625,-17.67355782645089,22.704520089285694,-25.20111846923828,0.5714285714285714,-25.123039245605444,74.86911117187574,-38.33057235049273,12.37398264212242,40.2783840681811
159,1.351012379953733,126.51168823242188,400.4305114746094,-17.99332101004464,22.817435128348194,-24.443954467773438,0.5714285714285714,-24.559928894042944,70.79950608563982,-36.83174671466355,13.996154054636175,39.40139457397718
160,1.3595093131609892,125.98292541503906,400.6211853027344,-18.29547119140625,22.9263916015625,-23.498565673828125,0.5714285714285714,-24.01834564208982,64.05071169393932,-36.553551705849486,15.353162832413338,39.64696396031871
161,1.3680062463682454,125.50230407714844,400.93951416015625,-18.57011195591518,23.108293805803555,-23.749496459960938,0.5714285714285714,-23.45414886474607,61.200598184701256,-34.86467916617565,14.454236872543428,37.7421623244874
162,1.3765031795755016,124.9294662475586,401.2225036621094,-18.897447858537944,23.270002092633916,-23.198593139648438,0.5714285714285714,-23.01516265869138,62.97958907802335,-34.86939955363611,14.754289327641175,37.862436250126116
163,1.3850001127827578,124.4791488647461,401.30755615234375,-19.154772077287944,23.318603515625,-22.38013458251953,0.5714285714285714,-22.522952270507787,65.36904407967532,-34.79541261104861,13.423140063778023,37.29479089557848
164,1.393497045990014,123.9192123413086,401.5274658203125,-19.474735804966514,23.444266183035694,-22.2490234375,0.5714285714285714,-21.884262084960913,65.92980045570371,-36.20752678157049,10.789574329291591,37.78094638631294
165,1.4019939791972702,123.39595031738281,401.6191711425781,-19.77374267578125,23.496669224330333,-21.037513732910156,0.5714285714285714,-21.241163635253884,73.55207176183481,-37.62641368192739,8.670736062236628,38.61254550563201
166,1.4104909124045264,122.81034088134766,401.74169921875,-20.108376639229903,23.56668526785714,-20.556045532226562,0.5714285714285714,-20.653143310546852,77.11838605851794,-40.75131018078224,8.757755378899766,41.68174133510948
167,1.4189878456117826,122.13201141357422,401.8671569824219,-20.495993477957583,23.638375418526778,-19.98310089111328,0.5714285714285714,-19.890327453613256,75.76485600106551,-41.42960933543296,7.207826417955104,42.051935643415575
168,1.4274847788190388,121.4493637084961,401.95867919921875,-20.886077880859375,23.690673828125,-19.440032958984375,0.5714285714285714,-19.246603393554665,76.08669920132121,-43.337364189308275,9.122251384546146,44.28704782664558
169,1.435981712026295,120.83899688720703,402.0633544921875,-21.234858921595972,23.75048828125,-18.43494415283203,0.5714285714285714,-18.665417480468726,80.68046226819867,-45.48462739824492,10.14431788686374,46.60212994002437
170,1.4444786452335512,120.17389678955078,402.2973937988281,-21.614916120256694,23.884225027901778,-17.818893432617188,0.5714285714285714,-18.008645629882785,78.31187445763565,-45.30689454864497,10.003116731523782,46.3980283846903
171,1.4529755784408074,119.42864227294922,402.49591064453125,-22.040775844029014,23.997663225446416,-17.650115966796875,0.5714285714285714,-17.225460815429663,80.96710779673786,-44.84716985683921,9.352113730448359,45.811905389270024
172,1.4614725116480636,118.7635269165039,402.6108703613281,-22.420841761997764,24.0633544921875,-16.699241638183594,0.5714285714285714,-16.563273620605443,84.29982448439767,-46.62891088894296,9.041799563479497,47.49746803815043
173,1.4699694448553198,118.11505889892578,402.65399169921875,-22.791394914899556,24.087995256696416,-15.52410888671875,0.5714285714285714,-15.806742858886695,88.47344228215456,-45.87364889526202,6.928297386597663,46.39388933515825
174,1.4784663780625757,117.37222290039062,402.735595703125,-23.215872628348208,24.134626116071416,-15.124008178710938,0.5714285714285714,-15.083967590332007,86.74128584181022,-45.77103177655528,5.329933145623083,46.0803161580652
175,1.486963311269832,116.76327514648438,402.8125,-23.5638427734375,24.178571428571416,-14.036239624023438,0.5714285714285714,-14.249880981445287,89.10987365237321,-45.32536563001228,4.8037125608951285,45.57921043482434
176,1.4954602444770881,116.02565002441406,402.8921813964844,-23.985342843191958,24.224103655133916,-14.036239624023438,0.5714285714285714,-13.540286254882787,87.38658846194099,-45.874469832211574,5.225674153017228,46.171145239640765
177,1.5039571776843443,115.39366912841797,402.968017578125,-24.346474783761153,24.267438616071416,-12.52880859375,0.5714285714285714,-12.777470397949193,90.00658821333481,-45.79442847962008,5.1517898275483205,46.083300860531565
178,1.5124541108916005,114.70437622070312,403.0425109863281,-24.7403564453125,24.310006277901778,-11.97613525390625,0.5714285714285714,-12.094152832031225,86.22183285606076,-46.444918395101446,6.063850778613158,46.839094045390326
179,1.5209510440988567,113.96749114990234,403.1186218261719,-25.161433628627222,24.353498186383916,-11.309928894042969,0.5714285714285714,-11.260067749023413,87.62496289784013,-45.28852608439652,5.814696414393332,45.66028130978414
180,1.529447977306113,113.3101806640625,403.2633361816406,-25.537039620535708,24.43619210379464,-10.619651794433594,0.5714285714285714,-10.586775207519507,87.15988672329382,-46.06154083961357,5.332395956471727,46.3691706973069
181,1.5379449105133691,112.65853118896484,403.3244934082031,-25.909410749162944,24.471139090401778,-9.865814208984375,0.5714285714285714,-9.817568969726537,88.85598350812475,-46.23044861700461,3.8415744559018985,46.38978415157524
182,1.5464418437206253,111.96907806396484,403.3644714355469,-26.303383963448653,24.493983677455333,-9.162345886230469,0.5714285714285714,-9.074511718749974,86.62089543814315,-46.13019169202843,2.7780506376259613,46.21376581591791
183,1.5549387769278815,111.26722717285156,403.328125,-26.70444161551339,24.473214285714278,-8.130104064941406,0.5714285714285714,-8.319136047363255,85.6175822142686,-45.92557315732729,0.9617276365187566,45.9356418250128
184,1.5634357101351377,110.53779602050781,403.3251647949219,-27.121259416852673,24.471522739955333,-7.594642639160156,0.5714285714285714,-7.580007934570287,81.33201427085864,-46.88730079384588,0.03119560408653277,46.88731117155573
185,1.571932643342394,109.89569854736328,403.3348388671875,-27.48817225864955,24.47705078125,-6.8427734375,0.5714285714285714,-6.949340820312475,78.88710497825757,-48.15482744411046,-0.40472191617871456,48.156528176369704
186,1.58042957654965,109.17254638671875,403.3268127441406,-27.90140206473214,24.472464425223194,-6.170173645019531,0.5714285714285714,-6.362205505371069,76.48418147977533,-47.297666651553726,1.1928213878456395,47.31270541350177
187,1.5889265097569063,108.38885498046875,403.3343811035156,-28.349225725446423,24.476789202008916,-6.009010314941406,0.5714285714285714,-5.723019409179663,73.95030827611156,-44.983240156244094,0.7014906234789003,44.98870951749072
188,1.5974234429641625,107.750732421875,403.41680908203125,-28.713867187499993,24.523890904017833,-5.194427490234375,0.5714285714285714,-5.069731140136693,76.16161995968926,-43.54536908892693,0.23971358929823217,43.54602888548814
189,1.6059203761714187,107.19337463378906,403.3773193359375,-29.032357352120528,24.501325334821416,-4.398712158203125,0.5714285714285714,-4.438253784179662,86.7948725011988,-41.585484738748704,1.02165603384381,41.59803266992552
190,1.6144173093786747,106.6581802368164,403.3526611328125,-29.338182721819194,24.487234933035694,-3.5763320922851562,0.5714285714285714,-3.7136398315429435,92.45706448462619,-39.79378984613074,0.8270939767752497,39.80238428491987
191,1.6229142425859309,106.08074188232422,403.40277099609375,-29.66814749581473,24.515869140625,-3.012786865234375,0.5714285714285714,-2.6747543334960686,93.91590022929543,-38.04981191371141,-3.3169957450730694,38.194117969153936
192,1.631411175793187,105.43025970458984,403.3958740234375,-30.03985159737723,24.511928013392833,-2.3859405517578125,0.5714285714285714,-1.7950119018554431,93.23518444149897,-40.99820696839064,-4.53649758378301,41.24842766640523
193,1.6399081090004433,104.92179870605469,403.1701965332031,-30.33040073939732,24.38296944754464,0.0,0.5714285714285714,-1.0797454833984121,87.4112986641251,-42.49539073032018,-5.054098330539597,42.79488454543774
194,1.6484050422076995,104.14523315429688,403.0400390625,-30.774152483258923,24.30859375,0.0,0.5714285714285714,-0.477188110351537,62.958111315078064,-46.16959666561154,-6.022393462655483,46.56072249529945
195,1.6569019754149557,103.49872589111328,402.9768981933594,-31.143585205078118,24.272513253348194,0.0,0.5714285714285714,2.5444437451708137e-14,55.72582257941624,-46.54425176600962,-5.929627587344104,46.920441768831225
196,1.6653989086222118,102.64811706542969,402.95501708984375,-31.629647391183028,24.260009765625,0.0,0.5714285714285714,2.5444437451708137e-14,53.8592572749544,-51.246886464978815,-2.7702517366048296,51.32170756160195
197,1.673895841829468,101.96977996826172,402.95501708984375,-32.01726858956473,24.260009765625,0.0,0.5714285714285714,0.5724810600281016,56.51220321434493,-47.21085256912797,-3.4565550265145735,47.337219742558396
198,1.6823927750367242,101.11168670654297,402.9642333984375,-32.50760759626115,24.265276227678555,0.0,0.5714285714285714,1.2084470748901623,64.51356556650856,-47.00182149832255,-4.812742867341571,47.24757896514194
199,1.6908897082439804,100.63519287109375,402.7830505371094,-32.77988978794642,24.1617431640625,2.862405300140381,0.5714285714285714,1.9237139701843518,85.22082723464318,-43.708838159026385,-5.125109376684689,44.00828648487626
200,1.6993866414512366,100.00422668457031,402.61907958984375,-33.14044189453124,24.068045479910694,3.1798300743103027,0.5714285714285714,2.740837287902858,85.15389329489581,-41.23935719735091,-6.743176104451328,41.7870195877421
201,1.7078835746584928,99.39844512939453,402.573974609375,-33.48660278320312,24.04227120535714,3.5763344764709473,0.5714285714285714,3.62057838439944,83.01891656185343,-37.27310294222065,-8.048876322874179,38.1322516120187
202,1.716380507865749,98.9037094116211,402.45367431640625,-33.76930890764508,23.973528180803555,4.085616588592529,0.5714285714285714,4.190215778350856,80.93424915397098,-36.55375694008688,-7.4155234662172544,37.29835297587506
203,1.7248774410730052,98.34049987792969,402.3658142089844,-34.09114292689732,23.923322405133916,4.39870548248291,0.5714285714285714,4.735478019714381,74.05460831556498,-34.797875421897615,-6.475961127338559,35.39534159180705
204,1.7333743742802614,97.91748809814453,402.2317199707031,-34.3328639439174,23.846697126116055,5.710592269897461,0.5714285714285714,5.362178516387965,70.91319815688243,-33.54184188892835,-7.155286453176729,34.29654911982958
205,1.7418713074875176,97.41706848144531,402.1376037597656,-34.61881801060267,23.792916434151778,5.90614128112793,0.5714285714285714,5.887022590637232,68.89516613706792,-35.205060148925725,-6.7008978515434565,35.837107753086016
206,1.7503682406947738,96.90467071533203,402.0419921875,-34.91161673409598,23.73828125,6.709836959838867,0.5714285714285714,6.633301925659206,72.80184955139671,-34.770271416965706,-8.748725072453325,35.85403693871634
207,1.7588651739020298,96.2862777709961,401.9554748535156,-35.26498413085937,23.6888427734375,6.709836959838867,0.5714285714285714,7.117203903198268,74.97443257233857,-38.506765943312026,-10.075359183092907,39.80306377757056
208,1.767362107109286,95.7553939819336,401.7153625488281,-35.568346296037944,23.5516357421875,8.130102157592773,0.5714285714285714,7.82844028472903,81.02648590976372,-39.91087597857505,-11.047348531482807,41.411615894012805
209,1.7758590403165422,95.05458068847656,401.4826354980469,-35.96881103515624,23.418648856026778,8.130102157592773,0.5714285714285714,8.547442245483424,78.4299437903488,-40.33335065629021,-12.925241803814187,42.35376076395497
210,1.7843559735237984,94.44976806640625,401.3162536621094,-36.314418247767854,23.323573521205333,9.462323188781738,0.5714285714285714,9.329405784606958,83.33789546178306,-41.00713465771797,-14.219448904942531,43.4025093744185
211,1.7928529067310546,93.90596008300781,401.0810241699219,-36.62516566685267,23.189156668526778,10.30484676361084,0.5714285714285714,9.965371894836451,81.03260509682333,-42.62550923684029,-13.525346714010988,44.71989536474973
212,1.8013498399383108,93.23747253417969,400.8982849121094,-37.00715855189732,23.084734235491055,10.619654655456543,0.5714285714285714,10.657786560058618,77.92872714930773,-41.59718309028105,-13.163313519213283,43.63024712113681
213,1.809846773145567,92.58626556396484,400.70977783203125,-37.379276820591514,22.977015904017833,11.309932708740234,0.5714285714285714,11.271083450317409,75.60681665925942,-40.511288740127334,-12.47824163472754,42.38951556317453
214,1.8183437063528232,91.96190643310547,400.50396728515625,-37.73605346679687,22.85940987723214,11.592175483703613,0.5714285714285714,11.858218193054226,73.47183992621704,-38.41615502749377,-12.009486636475977,40.249580573816296
215,1.8268406395600794,91.43782806396484,400.3885192871094,-38.035526820591514,22.793439592633916,12.528807640075684,0.5714285714285714,12.54153614044192,72.89359695180411,-35.49495350927173,-12.715902881652221,37.70392434112095
216,1.8353375727673356,91.04978942871094,400.1881408691406,-38.25726318359374,22.678937639508916,13.240520477294922,0.5714285714285714,13.086798477172877,75.68950874029817,-33.508080856873704,-13.68789223004145,36.1959925463029
217,1.8438345059745918,90.5984878540039,399.952880859375,-38.51514979771205,22.544503348214278,14.03624439239502,0.5714285714285714,13.754646682739285,76.69385903842861,-31.882317845204547,-14.263779500223325,34.927605082708425
218,1.852331439181848,90.09500122070312,399.6921081542969,-38.80285644531249,22.395490373883916,14.03624439239502,0.5714285714285714,14.486726951599147,75.04571459181241,-30.488161670455995,-15.82314923608957,34.34967327051924
219,1.8608283723891041,89.59151458740234,399.4434814453125,-39.090563092912944,22.25341796875,14.931416511535645,0.5714285714285714,15.116531181335475,79.66909937271856,-31.268257006863898,-15.530895682012956,34.91292907982459
220,1.8693253055963603,89.17108917236328,399.21209716796875,-39.33080618722098,22.121198381696416,16.189208984375,0.5714285714285714,15.729828262329129,80.44251882419755,-30.223614738430292,-14.630327848243933,33.578466028158026
221,1.8778222388036165,88.72505187988281,399.033447265625,-39.58568464006696,22.019112723214278,16.389541625976562,0.5714285714285714,16.471513557434108,73.78288139201504,-27.009646580538337,-12.849715604446207,29.910469730860708
222,1.8863191720108727,88.3514175415039,398.8651428222656,-39.79918997628348,21.922938755580333,17.10272979736328,0.5714285714285714,17.172220230102564,72.09024152137059,-21.07899282200645,-10.381158196838909,23.49664622659998
223,1.8948161052181287,88.08688354492188,398.73675537109375,-39.95035226004464,21.849574497767833,17.744670867919922,0.5714285714285714,17.621368026733425,66.0498047624615,-16.32207366724132,-7.810394138999986,18.094539104530345
224,1.903313038425385,88.02433013916016,398.6716613769531,-39.98609706333705,21.8123779296875,18.43494987487793,0.5714285714285714,18.17926101684573,55.86706895042482,-9.879360486363518,-6.582272462319357,11.871313086079759
225,1.911809971632641,87.95757293701172,398.63140869140625,-40.0242440359933,21.789376395089278,18.434947967529297,0.5714285714285714,18.535932159423854,45.11185019111949,-6.975501261202808,-5.739170215024715,9.03303341087969
226,1.9203069048398973,87.99053955078125,398.5440673828125,-40.00540597098214,21.739467075892833,19.179006576538086,0.5714285714285714,18.845007324218777,39.27138020464879,-4.119564230478196,-4.3489134907873535,5.99031368121801
227,1.9288038380471535,87.83280181884766,398.4384460449219,-40.09554181780133,21.67911202566964,18.886085510253906,0.5714285714285714,19.088782119751002,32.62227064748827,-4.205967844429166,-3.6720509757985247,5.583379252498887
228,1.9373007712544097,87.78060150146484,398.4134216308594,-40.125370570591514,21.664812360491055,19.29004669189453,0.5714285714285714,19.289799499511744,32.08845126512045,-5.104791187180631,-3.656453173754924,6.279215148135911
229,1.945797704461666,87.71162414550781,398.3986511230469,-40.16478620256696,21.6563720703125,19.653823852539062,0.5714285714285714,19.56520729064944,32.178061664030935,-7.232557143562952,-4.269693075146015,8.398819071205983
230,1.954294637668922,87.57804107666016,398.35955810546875,-40.24111938476562,21.634033203125,19.440034866333008,0.5714285714285714,19.899199295043974,36.55005246210169,-7.992026439110795,-4.574260683467332,9.208493221138895
231,1.9627915708761783,87.45281219482422,398.22662353515625,-40.31267874581473,21.558070591517833,20.556045532226562,0.5714285714285714,20.212081527709987,42.93489215345706,-11.281931264845781,-6.038812201648641,12.796453644329949
232,1.9712885040834345,87.23860931396484,398.0983581542969,-40.43508039202008,21.48477608816964,20.556045532226562,0.5714285714285714,20.64159889221194,44.42220030042544,-15.467991388245833,-8.73148539651125,17.762251963541573
233,1.9797854372906907,86.94181060791016,397.9644470214844,-40.604679652622764,21.408255440848194,20.85445785522461,0.5714285714285714,21.113874053955108,49.00072600788893,-19.809003360893108,-10.308505276794655,22.330738796411946
234,1.9882823704979469,86.56160736083984,397.7494812011719,-40.82193865094865,21.285417829241055,21.801410675048828,0.5714285714285714,21.452469635009795,52.6713313650277,-24.327645566021225,-13.647666319508449,27.89432083336315
235,1.996779303705203,86.10527801513672,397.5931396484375,-41.08269827706473,21.19607979910714,21.801410675048828,0.5714285714285714,21.980978775024443,52.73484879607936,-27.26177684120062,-15.424994815508079,31.32307362948077
236,2.0052762369124593,85.64409637451172,397.2119445800781,-41.34623064313615,20.978254045758916,22.2490234375,0.5714285714285714,22.44980545043948,54.0584698115704,-29.585541494312224,-16.766816259715398,34.0063287197946
237,2.0137731701197152,85.21174621582031,396.9515380859375,-41.593287876674104,20.829450334821416,23.198591232299805,0.5714285714285714,22.882021331787136,56.42145472745236,-30.399397862774936,-18.0893456856073,35.37439494539355
238,2.0222701033269717,84.74217987060547,396.7178649902344,-41.86161150251115,20.6959228515625,23.198591232299805,0.5714285714285714,23.410530090332056,53.408534028530084,-29.7348494020305,-19.89335463247037,35.77578549095273
239,2.0307670365342276,84.30146789550781,396.4045715332031,-42.11344691685267,20.516898018973194,23.96249008178711,0.5714285714285714,23.849516296386746,49.79507999294126,-29.896573981112407,-18.328648806431087,35.06771311160189
240,2.039263969741484,83.89454650878906,396.1141052246094,-42.345973423549104,20.350917271205333,24.443954467773438,0.5714285714285714,24.250022506713893,45.45258520292842,-30.095548574284113,-17.592268362592147,34.86014845247443
241,2.04776090294874,83.42134094238281,395.8492431640625,-42.61637660435267,20.199567522321416,24.443954467773438,0.5714285714285714,24.56533279418948,34.57167394170476,-27.644641311095075,-16.19462320580827,32.03891405770814
242,2.0562578361559964,82.97419738769531,395.6435852050781,-42.87188720703124,20.082048688616055,25.201122283935547,0.5714285714285714,24.813059234619168,25.797926967568102,-22.83456648883955,-11.835448003148999,25.71955007710045
243,2.0647547693632524,82.68685150146484,395.5138244628906,-43.0360848563058,20.007899693080333,24.775142669677734,0.5714285714285714,24.879296112060576,17.60529175766998,-18.652508433069187,-8.642413737473301,20.55741681377756
244,2.073251702570509,82.603759765625,395.5246276855469,-43.08356584821428,20.01407296316964,25.201122283935547,0.5714285714285714,24.945532608032252,13.423323491878117,-12.709745854529976,-5.342247199867744,13.786850431887503
245,2.081748635777765,82.50776672363281,395.4715576171875,-43.13841901506696,19.983747209821416,24.77513885498047,0.5714285714285714,24.99797744750979,7.592362264170028,-5.885399609182162,-3.7652273195844392,6.986763580364414
246,2.0902455689850212,82.47639465332031,395.4520568847656,-43.15634591238839,19.972603934151778,24.775136947631836,0.5714285714285714,25.135618209838896,9.727918142576184,-1.9823574991749309,-1.4177581120505374,2.437166247677862
247,2.098742502192277,82.53662872314453,395.3636474609375,-43.1219264439174,19.922084263392833,25.463346481323242,0.5714285714285714,25.135618209838896,12.56957343580477,-1.2083165727707883,-2.9964198662343566,3.230876189951646
248,2.107239435399533,82.53946685791016,395.4084167480469,-43.120304652622764,19.94766671316964,25.463346481323242,0.5714285714285714,25.292583465576204,12.171480585494075,0.19887197605344825,-2.7279734836975797,2.735212860202385
249,2.1157363686067896,82.51392364501953,395.3018493652344,-43.13490077427455,19.886771065848194,25.201122283935547,0.5714285714285714,25.47954673767093,9.7680542631303,0.2317094540395972,-2.867943233613533,2.8772882480420647
250,2.1242333018140456,82.52255249023438,395.26873779296875,-43.129970005580354,19.867850167410694,25.559965133666992,0.5714285714285714,25.515078735351587,11.838844629778674,-0.7654210884329538,-1.9612183727211312,2.1052902289510604
251,2.132730235021302,82.49362182617188,395.23883056640625,-43.14650181361607,19.850760323660694,25.70995330810547,0.5714285714285714,25.550610733032258,9.373023251098914,-0.7999004403182197,-2.7640947094821104,2.8775093878922924
252,2.141227168228558,82.47972106933594,395.21783447265625,-43.154445103236604,19.838762555803555,25.641006469726562,0.5714285714285714,25.63858757019046,4.266218202963798,-0.4728596830001808,-1.2474136949975747,1.3340304367871574
253,2.1497241014358144,82.47999572753906,395.2029113769531,-43.15428815569196,19.83023507254464,25.641006469726562,0.5714285714285714,25.69079322814944,3.0483608035814456,-1.0980031701610176,0.06485401902306442,1.0999168175217109
254,2.1582210346430704,82.47876739501953,395.2091064453125,-43.15499005998883,19.83377511160714,25.641006469726562,0.5714285714285714,25.66079559326175,0.1412216787640248,-1.7705557661643718,-0.4039009792292022,1.8160406719344735
255,2.1667179678503268,82.44091796875,395.2735595703125,-43.17661830357142,19.87060546875,25.820993423461914,0.5714285714285714,25.644587326049834,-2.3110952870937376,-2.1516757450407775,-0.6452564424272063,2.2463446726383287
256,2.1752149010575828,82.36198425292969,395.20880126953125,-43.22172328404017,19.833600725446416,25.559965133666992,0.5714285714285714,25.556610488891632,-0.0371999882450873,-3.376924142398322,-1.1932318563208018,3.581538625570221
257,2.183711834264839,82.31974792480469,395.16986083984375,-43.24585832868303,19.811349051339278,25.559965133666992,0.5714285714285714,25.540401458740263,5.400400321038822,-3.272767766911081,-1.3093944346969146,3.5249854810690207
258,2.192208767472095,82.22892761230469,395.11419677734375,-43.297755650111604,19.779541015625,25.201122283935547,0.5714285714285714,25.689212799072294,10.513427814709875,-1.6857940261126838,-1.6225818809895527,2.339802012776467
259,2.2007057006793516,82.23544311523438,395.11175537109375,-43.294032505580354,19.778145926339278,25.559961318969727,0.5714285714285714,25.89022979736331,19.00501875925012,-1.4913345861636877,-1.1653200000324302,1.8926303258596489
260,2.2092026338866075,82.31558227539062,395.1529235839844,-43.24823869977678,19.80167061941964,26.56505012512207,0.5714285714285714,26.091246795654328,24.118082168912668,-1.4302774005332628,-0.8771711307042911,1.6778327196169565
261,2.217699567093864,82.25110626220703,395.1221618652344,-43.285082135881694,19.78409249441964,26.56505012512207,0.5714285714285714,26.36403236389163,17.112668017606893,-2.0147845086860805,-1.0183722860448763,2.257529341874802
262,2.22619650030112,82.21340942382812,395.1046447753906,-43.30662318638392,19.77408272879464,26.56505012512207,0.5714285714285714,26.5650501251221,8.87844208949671,-3.082926097303554,-1.4674247975050654,3.414347501026822
263,2.2346934335083763,82.07913208007812,395.0384826660156,-43.38335309709821,19.736275809151778,26.56505012512207,0.5714285714285714,26.416238784790067,0.644216161386197,-5.099865565482777,-2.4775877140530973,5.669838592660626
264,2.2431903667156323,82.00623321533203,395.0026550292969,-43.42500959123883,19.715802873883916,26.56505012512207,0.5714285714285714,26.267427444458036,-5.776584416505591,-4.633675995198341,-2.2571661430718066,5.154197534622338
265,2.2516872999228883,81.93641662597656,394.9687194824219,-43.46490478515624,19.6964111328125,25.820993423461914,0.5714285714285714,26.118616104126,-14.01082830261173,-3.6087362135564325,-1.769529594977729,4.019230280356633
266,2.2601842331301447,81.90660095214844,394.954345703125,-43.48194231305803,19.688197544642833,25.820993423461914,0.5714285714285714,26.118616104126005,-7.005414151306139,-1.4977994646422716,-0.7306338851912215,1.666502058346252
267,2.2686811663374007,81.94510650634766,394.97308349609375,-43.4599391392299,19.698904854910694,25.820993423461914,0.5714285714285714,25.969804763793974,-1.8340884366807586e-13,-0.8079045755774428,-0.3878927087111196,0.8961978334665942
268,2.277178099544657,81.9677734375,394.9841613769531,-43.446986607142854,19.70523507254464,26.56505012512207,0.5714285714285714,26.118616104126005,7.005414151305674,0.4848658858888889,0.24053452624779809,0.5412502061118034
269,2.285675032751913,81.9461669921875,394.97381591796875,-43.45933314732142,19.699323381696416,25.820993423461914,0.5714285714285714,26.267427444458036,7.00541415130559,1.1112407784742353,0.5434602606706671,1.2370146008322835
270,2.2941719659591695,81.97246551513672,394.9866027832031,-43.44430541992187,19.706630161830333,26.56505012512207,0.5714285714285714,26.416238784790067,9.279291492158452,0.7183198309464811,0.35218195140166697,0.8000096914563393
271,2.3026688991664255,81.98921966552734,394.9947509765625,-43.43473161969865,19.711286272321416,26.56505012512207,0.5714285714285714,26.416238784790067,5.7765844165056555,-1.0848681789666625,-0.5463335399944822,1.2146683920549448
272,2.311165832373682,81.9985122680664,394.999267578125,-43.4294215611049,19.7138671875,26.56505012512207,0.5714285714285714,26.36403236389163,2.2738773408526773,-1.3501334308232895,-0.6583914336221265,1.5021117005381674
273,2.319662765580938,81.88711547851562,394.94354248046875,-43.49307686941964,19.682024274553555,26.56505012512207,0.5714285714285714,26.36403236389163,-1.2288297348001176,-2.2690697288414294,-1.1246836210243523,2.53250679796619
274,2.3281596987881943,81.84578704833984,394.92486572265625,-43.51669311523437,19.671351841517833,25.559961318969727,0.5714285714285714,26.36403236389163,-1.2288297348001176,-2.743263434384732,-1.36644955269749,3.0647477303196564
275,2.3366566319954503,81.80376434326172,394.9029846191406,-43.54070608956473,19.65884835379464,26.56505012512207,0.5714285714285714,26.36403236389163,4.73153681045316,-2.9323867841612175,-1.4641410497068827,3.2775907714905683
276,2.3451535652027067,81.78526306152344,394.8931579589844,-43.55127825055803,19.65323311941964,26.56505012512207,0.5714285714285714,26.36403236389163,4.73153681045316,-1.407291165942807,-0.7035429658524588,1.5733534664979574
277,2.3536504984099627,81.7804946899414,394.8904113769531,-43.554003034319194,19.651663643973194,26.56505012512207,0.5714285714285714,26.5650501251221,4.73153681045316,-0.7916910708218339,-0.4231929975461062,0.8977009885207216
278,2.362147431617219,81.78248596191406,394.8912353515625,-43.55286516462053,19.65213448660714,26.56505012512207,0.5714285714285714,26.5650501251221,4.73153681045316,-0.16511094399891335,-0.09851243395827985,0.19226628272423835
279,2.370644364824475,81.78692626953125,394.8934020996094,-43.55032784598214,19.653372628348194,26.56505012512207,0.5714285714285714,26.5650501251221,4.73153681045316,0.13319702008110243,0.058696991899721496,0.14555680340183888
280,2.3791412980317315,81.79148864746094,394.8956604003906,-43.54772077287946,19.6546630859375,26.56505012512207,0.5714285714285714,26.5650501251221,0.0,0.23160683692094322,0.11287883057721286,0.2576496794118004
281,2.3876382312389874,81.795166015625,394.89752197265625,-43.545619419642854,19.655726841517833,26.56505012512207,0.5714285714285714,26.5650501251221,0.0,0.2256550440358147,0.1124683621020996,0.2521295924177375
282,2.3961351644462434,81.79771423339844,394.8988037109375,-43.54416329520089,19.656459263392833,26.56505012512207,0.5714285714285714,26.5650501251221,0.0,0.17680929553161845,0.08907165903736658,0.19797799733822968
283,2.4046320976535,81.79926300048828,394.89959716796875,-43.543278285435264,19.656912667410694,26.56505012512207,0.5714285714285714,26.5650501251221,0.0,0.11985679464928953,0.061159802749064754,0.13455917915886106
284,2.413129030860756,81.8000717163086,394.9000244140625,-43.54281616210937,19.657156808035694,26.56505012512207,0.5714285714285714,26.5650501251221,0.0,0.07121628038248269,0.03653169425966086,0.08003951072437741
285,2.4216259640680122,81.80039978027344,394.90020751953125,-43.542628696986604,19.65726143973214,26.56505012512207,0.5714285714285714,26.5650501251221,0.0,0.03601860866610315,0.018881549842500046,0.04066759268381514
286,2.430122897275268,81.80046081542969,394.9002380371094,-43.54259381975446,19.657278878348194,26.56505012512207,0.5714285714285714,26.5650501251221,0.0,-3.096574174091678,-1.5474661500960307,3.4617081190280308
287,2.4386198304825246,81.8003921508789,394.90020751953125,-43.54263305664062,19.65726143973214,26.56505012512207,0.5714285714285714,26.5650501251221,0.0,-4.887037661285264,-2.443108362167686,5.4636906548700415
288,2.4471167636897806,81.56903839111328,394.7845458984375,-43.67483520507812,19.591169084821416,26.56505012512207,0.5714285714285714,26.5650501251221,0.0,-4.1886255513676875,-2.0946206270400114,4.683163415981953
289,2.455613696897037,81.43672943115234,394.7183837890625,-43.7504403250558,19.553362165178555,26.56505012512207,0.5714285714285714,26.5650501251221,0.0,-5.141425498558894,-2.57076405783892,5.748311404082767
290,2.464110630104293,81.48898315429688,394.7444763183594,-43.72058105468749,19.56827218191964,26.56505012512207,0.5714285714285714,26.5650501251221,0.0,-7.1475901692739185,-3.5739490103153777,7.991317585744883
291,2.4726075633115494,81.41820526123047,394.7091064453125,-43.76102556501115,19.548060825892833,26.56505012512207,0.5714285714285714,26.5650501251221,0.0,-5.073185114619088,-2.537105642903017,5.672222866781859
292,2.4811044965188054,81.26898193359375,394.6344909667969,-43.84629603794642,19.505423409598194,26.56505012512207,0.5714285714285714,26.5650501251221,-3.745921191413516,-2.153522853177569,-1.0770692779446176,2.407849436457811
293,2.489601429726062,81.19185638427734,394.5959167480469,-43.890367780412944,19.483380998883916,26.56505012512207,0.5714285714285714,26.5650501251221,-7.491842382827004,-2.0344869954778786,-1.0171408806202444,2.274579720695129
294,2.4980983629333178,81.27661895751953,394.6383056640625,-43.84193202427455,19.50760323660714,26.56505012512207,0.5714285714285714,26.405905914306672,-10.780992972739547,-1.799493793639805,-2.943058964506506,3.4496049022910267
295,2.506595296140574,81.33772277832031,394.6688537597656,-43.80701555524553,19.52505929129464,26.56505012512207,0.5714285714285714,26.246761703491238,-14.070143562651918,-0.21457239521558752,-3.3190480874472983,3.3259767767644024
296,2.51509222934783,81.28441619873047,394.49029541015625,-43.8374764578683,19.423025948660694,25.769329071044922,0.5714285714285714,26.10702323913577,-14.070143562651918,-0.3089801444256366,-1.8959538852236544,1.9209658676155486
297,2.5235891625550866,81.2530288696289,394.3877258300781,-43.855412074497764,19.36441476004464,25.769329071044922,0.5714285714285714,25.967284774780303,-6.578301179824886,-2.2448520888266805,-1.8885654526769668,2.9336053534438586
298,2.5320860957623426,81.16888427734375,394.4549560546875,-43.90349469866071,19.40283203125,25.866357803344727,0.5714285714285714,25.967284774780303,0.9135412030020884,-1.8649635153747686,-3.0661995069547574,3.588825480589522
299,2.5405830289695985,81.1097183227539,394.4978942871094,-43.937303815569194,19.4273681640625,25.866357803344727,0.5714285714285714,26.12642898559573,7.491842382827176,-0.36213581191586597,-1.1008764494844039,1.1589095319744982
300,2.549079962176855,81.19906616210938,394.4408874511719,-43.88624790736607,19.394792829241055,26.56505012512207,0.5714285714285714,26.285573196411164,14.070143562651918,-1.823814050773184,0.8492592744160212,2.0118496482041883
301,2.557576895384111,81.25749206542969,394.408447265625,-43.85286167689732,19.37625558035714,26.56505012512207,0.5714285714285714,26.42531166076663,14.070143562651918,-1.811192145172314,0.3213968157889386,1.8394871295916038
302,2.5660738285913673,81.117431640625,394.45086669921875,-43.93289620535714,19.400495256696416,26.56505012512207,0.5714285714285714,26.5650501251221,6.298784975608031,-1.5821507362189549,-0.03899450510900451,1.5826312026327791
303,2.5745707617986233,81.03422546386719,394.4788513183594,-43.98044259207589,19.416486467633916,26.56505012512207,0.5714285714285714,26.5650501251221,-1.4725736114362045,-3.0011402536944405,0.8332510038979242,3.1146669256666963
304,2.5830676950058797,80.9920883178711,394.4949951171875,-44.004520961216514,19.425711495535694,26.56505012512207,0.5714285714285714,26.39403076171878,-4.761724201348748,-5.474623282999228,-1.222375118033669,5.609429651929425
305,2.5915646282131357,80.97593688964844,394.5028381347656,-44.01375034877232,19.430193219866055,26.56505012512207,0.5714285714285714,26.223011398315457,-8.05087479126112,-4.480366019850729,-3.238596266381916,5.528307647775759
306,2.600061561420392,80.8504638671875,394.31756591796875,-44.08544921874999,19.324323381696416,25.70995330810547,0.5714285714285714,26.223011398315457,-8.05087479126112,-5.17908598112421,-3.348601817635358,6.167338626421298
307,2.608558494627648,80.7843246459961,394.2100830078125,-44.1232430594308,19.262904575892833,25.70995330810547,0.5714285714285714,26.223011398315457,5.088532787435644,-5.515054427769823,-3.259530158597309,6.406275220131346
308,2.6170554278349045,80.649169921875,394.2298889160156,-44.20047433035714,19.274222237723194,26.56505012512207,0.5714285714285714,26.223011398315457,18.22794036613231,-5.628959429534135,-3.1051940120631008,6.428640144843526
309,2.6255523610421605,80.5820541381836,394.2526550292969,-44.23882620675223,19.2872314453125,26.56505012512207,0.5714285714285714,26.610215377807645,22.19419718669082,-5.17703363875025,0.9005678337696887,5.254778750810759
310,2.634049294249417,80.55743408203125,394.27197265625,-44.252894810267854,19.298270089285694,26.56505012512207,0.5714285714285714,26.997419357299833,25.888821363176774,-3.7962176894335036,0.8225788235530997,3.8843152120452134
311,2.642546227456673,80.46556091308594,394.384521484375,-44.30539376395089,19.36258370535714,27.645973205566406,0.5714285714285714,27.16592445373538,31.815875826270055,-3.456657643633283,-0.8660884818835484,3.563508288714894
312,2.6510431606639293,80.50208282470703,394.271240234375,-44.2845241001674,19.2978515625,27.645973205566406,0.5714285714285714,27.322889328002958,24.709762213663197,-3.8848788799961884,-1.7994937936402515,4.281408859895329
313,2.6595400938711853,80.39217376708984,394.1654968261719,-44.34732927594865,19.2374267578125,27.407575607299805,0.5714285714285714,27.574698257446318,19.112560216940903,-5.618082014951277,-1.1895376400474065,5.742634005733654
314,2.6680370270784413,80.29322052001953,394.1188659667969,-44.403873988560264,19.210780552455333,27.34987449645996,0.5714285714285714,27.660001373291042,19.351033421817295,-5.135884174148771,-3.9462439169829358,6.476893337287301
315,2.6765339602856977,80.13973999023438,394.18353271484375,-44.49157714843749,19.247732979910694,27.824094772338867,0.5714285714285714,27.809410095214872,20.80204845932705,-6.959595607803284,-3.7656377880595344,7.9130271688536915
316,2.6850308934929537,80.0837173461914,394.09112548828125,-44.52359008789062,19.194928850446416,28.07248878479004,0.5714285714285714,27.988046646118192,19.51996428806002,-7.58833069411888,-4.434290933552136,8.788953225879029
317,2.69352782670021,79.98464965820312,393.99127197265625,-44.58020019531249,19.137869698660694,28.393016815185547,0.5714285714285714,28.206657409667997,25.385036728740108,-10.431132733648827,-6.345432152343527,12.209547055767263
318,2.702024759907466,79.82799530029297,393.8358154296875,-44.66971697126115,19.049037388392833,28.300758361816406,0.5714285714285714,28.403997421264677,28.232285937652506,-12.524829806620659,-8.970788517334409,15.406051028980533
319,2.7105216931147225,79.51768493652344,393.6470947265625,-44.84703717912946,18.94119698660714,28.442928314208984,0.5714285714285714,28.7384761810303,32.3497401036268,-16.124022628137453,-9.962480352515605,18.95349889827596
320,2.7190186263219784,79.20854187011719,393.5165710449219,-45.02369035993303,18.86661202566964,28.810794830322266,0.5714285714285714,29.008849334716828,36.72572655575749,-18.97339216326482,-13.64520350865988,23.370519655621326
321,2.727515559529235,78.88492584228516,393.3504333496094,-45.20861380440848,18.771676199776778,29.744882583618164,0.5714285714285714,29.362414550781274,42.215988687647545,-21.407470218986347,-15.251777119130557,26.284909862284515
322,2.736012492736491,78.57401275634766,392.9767761230469,-45.38627842494419,18.558157784598194,29.744882583618164,0.5714285714285714,29.766937637329125,40.08099848610874,-21.624710659288414,-16.15727057459842,26.994175362820883
323,2.7445094259437472,78.23638916015625,392.7018737792969,-45.57920619419642,18.401070731026778,30.068584442138672,0.5714285714285714,30.19752960205081,44.35848533141998,-23.210760846018196,-20.52875983150141,30.986600318049046
324,2.7530063591510032,77.90992736816406,392.4458312988281,-45.76575578962053,18.2547607421875,30.465543746948242,0.5714285714285714,30.44130401611331,45.153952712210696,-21.518296707189474,-21.299619627225756,30.277233847284364
325,2.7615032923582596,77.48286437988281,391.99029541015625,-46.009791782924104,17.994454520089278,30.963754653930664,0.5714285714285714,30.89340476989749,42.88124264108289,-21.84841597806864,-21.32835242046335,30.532800358339387
326,2.7700002255655156,77.28507995605469,391.766845703125,-46.12281145368303,17.866768973214278,30.963754653930664,0.5714285714285714,31.280765151977565,38.54564372144779,-19.28883718616903,-19.94302131792421,27.74496962120731
327,2.778497158772772,76.94962310791016,391.39105224609375,-46.31450108119419,17.652029854910694,32.00538635253906,0.5714285714285714,31.588732910156278,39.321527907846495,-17.80776431187593,-21.11203553422979,27.619458977067296
328,2.786994091980028,76.80229949951172,391.2191467285156,-46.398686000279014,17.553798130580333,32.00538635253906,0.5714285714285714,31.835128402709987,32.115801292683734,-15.581588538654012,-18.353276914920354,24.075478705597163
329,2.7954910251872844,76.58595275878906,390.8761901855469,-46.52231270926339,17.35782296316964,32.0053825378418,0.5714285714285714,32.11186599731448,28.204531855184218,-16.14475128611625,-19.01413115939115,24.943740253560247
330,2.8039879583945404,76.32440185546875,390.6257629394531,-46.67177036830356,17.2147216796875,32.19573211669922,0.5714285714285714,32.257833862304715,28.886387975712147,-15.139924459740897,-16.434336795106493,22.345127847959425
331,2.8124848916017964,76.08474731445312,390.3531799316406,-46.80871582031249,17.0589599609375,32.347442626953125,0.5714285714285714,32.479025268554715,30.121458114043843,-15.928126548526453,-17.57708102902313,23.720434077957304
332,2.820981824809053,75.8239974975586,390.169189453125,-46.9577157156808,16.953822544642833,32.735225677490234,0.5714285714285714,32.81596145629885,32.40261742218262,-14.96834863726334,-16.08338624913022,21.97104399352417
333,2.8294787580163088,75.61807250976562,389.9123229980469,-47.07538713727678,16.80704171316964,33.11134338378906,0.5714285714285714,33.114828491210965,36.71136913813647,-14.186098341362577,-16.690058654923533,21.904416085702856
334,2.837975691223565,75.47308349609375,389.680419921875,-47.15823800223214,16.674525669642833,33.6900634765625,0.5714285714285714,33.48848037719729,39.56976128342587,-13.832890218774128,-15.997598337890931,21.148806216549143
335,2.846472624430821,75.26969146728516,389.3848876953125,-47.27446201869419,16.50565011160714,33.690067291259766,0.5714285714285714,33.81750411987307,34.88854277713096,-13.89497357559188,-16.924436154049296,21.89764438926908
336,2.8549695576380776,75.0562973022461,389.1637878417969,-47.39640154157365,16.37930733816964,34.215702056884766,0.5714285714285714,34.160133361816435,33.98288513427306,-13.900925368476697,-16.522997985669313,21.592711467863207
337,2.8634664908453336,74.79093170166016,388.910888671875,-47.548039027622764,16.234793526785694,34.38034439086914,0.5714285714285714,34.29818954467776,-135.8852807399854,-16.380462807785413,-16.701551772217986,23.393618646915634
338,2.87196342405259,74.58456420898438,388.6838684082031,-47.66596330915178,16.105067661830333,34.82448959350586,0.5714285714285714,34.55858001708987,-305.4780607490468,-16.054448221654344,-16.784055935658685,23.22605953133462
339,2.880460357259846,74.2552261352539,388.4386901855469,-47.85415649414062,15.9649658203125,34.38034439086914,0.5714285714285714,27.71543960571291,-313.54283502903655,-13.184247411429581,-13.810211835540237,19.093096415937442
340,2.8889572904671024,74.0760726928711,388.13702392578125,-47.95652988978794,15.792585100446416,34.99201965332031,0.5714285714285714,20.839370727539077,-316.79238823826813,-9.615018788574925,-10.408659584651954,14.169995788771987
