frame,t_s,x_px_filt,y_px_filt,x_mm_abs,y_mm_abs,angle_deg_raw,mm_per_px,x_mm,y_mm,angle_deg_unwrapped,vx_mm_s,vy_mm_s,speed_mm_s,angular_vel_dps
595,4.9156878,243.3920081,392.000061,56.16738649,90.46155254,0,0.230769231,0,0,0,,,,
596,4.9276892,243.4128061,392.000061,56.17218602,90.46155254,0,0.230769231,0.004799537,-6.85E-09,0,,,,
597,4.9326773,243.4315783,392.000061,56.17651807,90.46155255,0,0.230769231,0.009131581,-8.56E-09,0,,,,
598,4.9441017,243.3640477,392.000061,56.16093408,90.46155255,0,0.230769231,-0.006452407,-8.99E-09,0,0.097271742,-1.96E-07,0.097271742,0
599,4.9483778,243.3680505,392.000061,56.16185781,90.46155255,0,0.230769231,-0.005528681,-9.10E-09,0,0.217518739,-8.19E-08,0.217518739,0
600,4.960942,243.3879797,392.000061,56.16645686,90.46155255,0,0.230769231,-0.000929627,-9.13E-09,0,0.128645193,-1.32E-08,0.128645193,0
601,4.965984,243.4098535,392.000061,56.17150466,90.46155255,0,0.230769231,0.00411817,-9.13E-09,0,0.56985255,-5.75E-09,0.56985255,0
602,4.9770298,243.4301535,392.000061,56.17618927,90.46155255,0,0.230769231,0.008802783,-9.13E-09,0,0.186712051,-7.41E-10,0.186712051,0
603,4.9819371,243.4480573,392.000061,56.18032092,90.46155255,0,0.230769231,0.012934435,-9.13E-09,0,0.135682309,-3.16E-10,0.135682309,0
604,4.9912612,243.3793826,392.000061,56.16447292,90.46155255,0,0.230769231,-0.002913568,-9.13E-09,0,0.011359446,-5.09E-11,0.011359446,0
605,4.9968762,243.3820809,392.000061,56.1650956,90.46155255,0,0.230769231,-0.00229089,-9.13E-09,0,0.089158199,-2.05E-11,0.089158199,0
606,5.0081414,243.4006083,392.000061,56.16937114,90.46155255,0,0.230769231,0.001984653,-9.13E-09,0,0.019339968,-3.15E-12,0.019339968,0
607,5.0139382,243.421033,392.000061,56.17408453,90.46155255,0,0.230769231,0.006698042,-9.13E-09,0,0.406289316,-1.01E-12,0.406289316,0
608,5.0227754,243.4399064,392.000061,56.17843993,90.46155255,0,0.230769231,0.011053445,-9.13E-09,0,0.492233249,0.000175799,0.492233281,0
609,5.039002,243.456435,392.000061,56.18225424,90.46155255,0,0.230769231,0.01486775,-9.13E-09,0,0.082559805,0.000307901,0.082560379,0
610,5.045011,243.4705121,392.0000381,56.18550279,90.46154726,0,0.230769231,0.018116307,5.27E-06,0,-0.086060313,0.000583623,0.086062292,0
611,5.0550069,243.3982257,392.0000095,56.16882132,90.46154066,0,0.230769231,0.001434832,1.19E-05,0,-0.494013394,0.000720789,0.494013919,0
612,5.0600355,243.397572,391.9999795,56.16867047,90.46153373,0,0.230769231,0.00128398,1.88E-05,0,-0.458835071,0.000804606,0.458835776,0
613,5.070264,243.3290073,391.9999491,56.15284783,90.46152671,0,0.230769231,-0.014538657,2.58E-05,0,-0.478237569,0.000635742,0.478237992,0
614,5.0744487,243.3364594,391.9999415,56.15456756,90.46152496,0,0.230769231,-0.012818927,2.76E-05,0,0.070996139,0.000507542,0.070997954,0
615,5.0870925,243.3607643,391.9999396,56.16017638,90.46152452,0,0.230769231,-0.007210103,2.80E-05,0,0.183755277,0.000232341,0.183755424,0
616,5.0927109,243.3869936,391.9999391,56.16622929,90.46152441,0,0.230769231,-0.001157194,2.81E-05,0,0.684746846,9.54E-05,0.684746852,0
617,5.103244,243.4113579,391.999939,56.17185183,90.46152439,0,0.230769231,0.004465343,2.82E-05,0,0.681231744,1.17E-05,0.681231744,0
618,5.1084464,243.4329558,391.999939,56.17683594,90.46152438,0,0.230769231,0.009449456,2.82E-05,0,0.019884931,4.73E-06,0.019884932,0
619,5.1194082,243.4516418,391.999939,56.18114811,90.46152438,0,0.230769231,0.013761621,2.82E-05,0,-0.547781984,8.33E-07,0.547781984,0
620,5.1249055,243.3834373,391.999939,56.16540862,90.46152438,0,0.230769231,-0.001977871,2.82E-05,0,-0.560442554,3.14E-07,0.560442554,0
621,5.1355367,243.3023108,391.999939,56.1466871,90.46152438,0,0.230769231,-0.020699391,2.82E-05,0,-0.642490921,5.03E-08,0.642490921,0
622,5.1396105,243.3106164,391.999939,56.14860379,90.46152438,0,0.230769231,-0.018782692,2.82E-05,0,-0.404233558,1.91E-08,0.404233558,0
623,5.1514723,243.338774,391.999939,56.15510168,90.46152438,0,0.230769231,-0.012284805,2.82E-05,0,0.280933166,3.52E-09,0.280933166,0
624,5.1559072,243.3692279,391.999939,56.16212953,90.46152438,0,0.230769231,-0.005256962,2.82E-05,0,-0.02616721,1.51E-09,0.02616721,0
625,5.1675104,243.3975209,391.999939,56.16865867,90.46152438,0,0.230769231,0.001272185,2.82E-05,0,-0.074489444,2.01E-10,0.074489444,0
626,5.1716402,243.3385274,391.999939,56.15504479,90.46152438,0,0.230769231,-0.012341699,2.82E-05,0,-0.831239437,8.83E-11,0.831239437,0
627,5.183124,243.3499173,391.999939,56.15767323,90.46152438,0,0.230769231,-0.009713253,2.82E-05,0,-1.407491847,1.27E-11,1.407491847,0
628,5.1872513,243.2920425,391.999939,56.14431749,90.46152438,0,0.230769231,-0.023068992,2.82E-05,0,-1.282411333,5.31E-12,1.282411333,0
629,5.1992244,243.2247707,391.999939,56.12879324,90.46152438,0,0.230769231,-0.038593244,2.82E-05,0,-0.466173375,4.95E-13,0.466173375,0
630,5.2035065,243.2468169,391.999939,56.13388083,90.46152438,0,0.230769231,-0.03350566,2.82E-05,0,-0.964496916,-0.000244696,0.964496947,0
631,5.2155035,243.2876106,391.999939,56.14329475,90.46152438,0,0.230769231,-0.024091733,2.82E-05,0,-0.542687954,-0.000359506,0.542688073,0
632,5.2198206,243.2452806,391.9999619,56.1335263,90.46152966,0,0.230769231,-0.033860185,2.29E-05,0,-0.832528897,-0.000670994,0.832529167,0
633,5.231322,243.1891163,391.9999905,56.12056531,90.46153626,0,0.230769231,-0.046821179,1.63E-05,0,-1.252757007,-0.000791864,1.252757258,0
634,5.2357732,243.1361539,392.0000205,56.10834321,90.46154319,0,0.230769231,-0.059043279,9.34E-06,0,-1.520704728,-0.000813835,1.520704946,0
635,5.2473807,243.090229,392.0000509,56.09774515,90.46155021,0,0.230769231,-0.069641341,2.33E-06,0,-0.43117696,-0.000592077,0.431177367,0
636,5.2633451,243.0518312,392.0000585,56.08888413,90.46155196,0,0.230769231,-0.078502357,5.75E-07,0,0.046328953,-0.000478991,0.046331429,0
637,5.2671679,243.1045907,392.0000604,56.10105938,90.4615524,0,0.230769231,-0.066327106,1.37E-07,0,1.240209003,-0.00016864,1.240209015,0
638,5.2798833,243.1740511,392.0000609,56.11708872,90.46155251,0,0.230769231,-0.050297771,2.74E-08,0,1.68043476,-4.79E-05,1.68043476,0
639,5.2847041,243.2413926,392.000061,56.13262905,90.46155254,0,0.230769231,-0.034757433,0,0,2.383125588,-2.60E-05,2.383125588,0
640,5.2955523,243.3019444,392.000061,56.14660255,90.46155254,0,0.230769231,-0.020783942,-6.85E-09,0,1.912123708,-3.08E-06,1.912123708,0
641,5.2996683,243.3547105,392.000061,56.15877934,90.46155255,0,0.230769231,-0.008607144,-8.56E-09,0,2.055900468,-1.36E-06,2.055900468,0
642,5.3121959,243.3997624,392.000061,56.16917593,90.46155255,0,0.230769231,0.001789444,-8.99E-09,0,1.540794177,-2.22E-07,1.540794177,0
643,5.3165988,243.4375299,392.000061,56.17789151,90.46155255,0,0.230769231,0.010505018,-9.10E-09,0,0.627101889,-9.57E-08,0.627101889,0
644,5.3276547,243.4685782,392.000061,56.1850565,90.46155255,0,0.230769231,0.017670014,-9.13E-09,0,-0.264334315,-1.25E-08,0.264334315,0
645,5.3318119,243.4094839,392.000061,56.17141935,90.46155255,0,0.230769231,0.004032867,-9.13E-09,0,-0.291668008,-5.72E-09,0.291668008,0
646,5.3433269,243.3346975,392.000061,56.15416096,90.46155255,0,0.230769231,-0.013225531,-9.13E-09,0,-0.571668628,-8.58E-10,0.571668628,0
647,5.3474309,243.3470258,392.000061,56.15700596,90.46155255,0,0.230769231,-0.010380531,-9.13E-09,0,-0.352280152,-3.75E-10,0.352280152,0
648,5.3594817,243.3772876,392.000061,56.16398945,90.46155255,0,0.230769231,-0.003397038,-9.13E-09,0,0.41084832,-5.29E-11,0.41084832,0
649,5.3635832,243.408302,392.000061,56.17114662,90.46155255,0,0.230769231,0.00376013,-9.13E-09,0,0.958856143,-2.38E-11,0.958856143,0
650,5.375496,243.435934,392.000061,56.17752323,90.46155255,0,0.230769231,0.010136742,-9.13E-09,0,0.899622203,-3.04E-12,0.899622203,0
651,5.3798611,243.459413,392.000061,56.18294147,90.46155255,0,0.230769231,0.015554982,-9.13E-09,0,-0.056429,-1.39E-12,0.056429,0
652,5.3911411,243.4788212,392.000061,56.18742027,90.46155255,0,0.230769231,0.020033779,-9.13E-09,0,-0.39720215,9.23E-05,0.39720216,0
653,5.3948975,243.4104424,392.000061,56.17164056,90.46155255,0,0.230769231,0.004254076,-9.13E-09,0,-0.293116341,0.000444107,0.293116677,0
654,5.4063379,243.4124823,392.0000381,56.1721113,90.46154726,0,0.230769231,0.004724809,5.27E-06,0,-0.764008329,0.000546229,0.764008525,0
655,5.4100917,243.4296548,392.0000095,56.17607419,90.46154066,0,0.230769231,0.008687707,1.19E-05,0,-0.774016513,0.00087644,0.774017009,0
656,5.4236686,243.3641619,391.9999795,56.16096044,90.46153373,0,0.230769231,-0.006426046,1.88E-05,0,0.163763299,0.000910285,0.163765829,0
657,5.4279174,243.370551,391.9999491,56.16243484,90.46152671,0,0.230769231,-0.004951647,2.58E-05,0,0.41255282,0.000838865,0.412553673,0
658,5.4382809,243.3924729,391.9999415,56.16749376,90.46152496,0,0.230769231,0.00010727,2.76E-05,0,0.286655955,0.000488997,0.286656372,0
659,5.442473,243.4158177,391.9999396,56.172881,90.46152452,0,0.230769231,0.005494514,2.80E-05,0,-0.285277043,0.000388314,0.285277308,0
660,5.4539978,243.4371034,391.9999391,56.17779309,90.46152441,0,0.230769231,0.010406599,2.81E-05,0,-0.335633482,5.82E-05,0.335633487,0
661,5.4578068,243.3715287,391.999939,56.16266046,90.46152439,0,0.230769231,-0.004726029,2.82E-05,0,-0.371684227,2.44E-05,0.371684228,0
662,5.4707434,243.3768673,391.999939,56.16389245,90.46152438,0,0.230769231,-0.003494033,2.82E-05,0,-0.423259804,3.49E-06,0.423259804,0
663,5.4862911,243.3976111,391.999939,56.16867949,90.46152438,0,0.230769231,0.001293007,2.82E-05,0,-0.435597671,1.59E-06,0.435597671,0
664,5.4912869,243.4198488,391.999939,56.17381126,90.46152438,0,0.230769231,0.006424775,2.82E-05,0,0.545257988,1.48E-07,0.545257988,0
665,5.5041449,243.4401596,391.999939,56.17849838,90.46152438,0,0.230769231,0.011111893,2.82E-05,0,0.588760213,4.22E-08,0.588760213,0
666,5.5085134,243.4577915,391.999939,56.18256728,90.46152438,0,0.230769231,0.015180789,2.82E-05,0,0.648316669,2.02E-08,0.648316669,0
667,5.5195095,243.4726937,391.999939,56.18600625,90.46152438,0,0.230769231,0.018619759,2.82E-05,0,0.484934751,3.09E-09,0.484934751,0
668,5.5242123,243.4850367,391.999939,56.18885462,90.46152438,0,0.230769231,0.021468132,2.82E-05,0,0.498796152,1.43E-09,0.498796152,0
669,5.5351705,243.4950232,391.999939,56.1911592,90.46152438,0,0.230769231,0.023772715,2.82E-05,0,0.334776319,2.06E-10,0.334776319,0
670,5.5393657,243.50291,391.999939,56.19297923,90.46152438,0,0.230769231,0.025592745,2.82E-05,0,0.314048429,8.43E-11,0.314048429,0
671,5.5518753,243.5089444,391.999939,56.19437178,90.46152438,0,0.230769231,0.026985288,2.82E-05,0,0.206038367,1.30E-11,0.206038367,0
672,5.5567734,243.5133826,391.999939,56.19539599,90.46152438,0,0.230769231,0.028009506,2.82E-05,0,0.182936808,5.20E-12,0.182936808,0
673,5.5675566,243.5164491,391.999939,56.19610365,90.46152438,0,0.230769231,0.028717162,2.82E-05,0,-0.231572623,4.54E-13,0.231572623,0
674,5.5722365,243.5183716,391.999939,56.1965473,90.46152438,0,0.230769231,0.029160811,2.82E-05,0,-0.369381722,-0.000262977,0.369381815,0
675,5.5839351,243.4352989,391.999939,56.17737668,90.46152438,0,0.230769231,0.009990189,2.82E-05,0,-0.381267451,-0.000378234,0.381267638,0
676,5.5879521,243.4252424,391.9999619,56.17505594,90.46152966,0,0.230769231,0.007669458,2.29E-05,0,-1.237793614,-0.00072472,1.237793826,0
677,5.5994088,243.4326732,391.9999905,56.17677074,90.46153626,0,0.230769231,0.009384255,1.63E-05,0,-1.254450928,-0.000843287,1.254451212,0
678,5.6034104,243.3595492,392.0000205,56.15989597,90.46154319,0,0.230769231,-0.007490512,9.34E-06,0,-1.623053261,-0.000923053,1.623053523,0
679,5.6152434,243.3601395,392.0000509,56.1600322,90.46155021,0,0.230769231,-0.007354287,2.33E-06,0,-1.466305208,-0.000667747,1.46630536,0
680,5.6196406,243.2937969,392.0000585,56.14472237,90.46155196,0,0.230769231,-0.022664117,5.75E-07,0,-1.116031823,-0.00055909,1.116031963,0
681,5.6310719,243.3040019,392.0000604,56.14707736,90.4615524,0,0.230769231,-0.020309124,1.37E-07,0,-0.46580497,-0.000213024,0.465805018,0
682,5.6343934,243.3313639,392.0000609,56.15339168,90.46155251,0,0.230769231,-0.013994808,2.74E-08,0,-0.233744249,-9.49E-05,0.233744268,0
683,5.6474475,243.2767268,392.000061,56.14078311,90.46155254,0,0.230769231,-0.026603382,0,0,0.57761743,-1.51E-05,0.577617431,0
684,5.6508561,243.2940352,392.000061,56.14477736,90.46155254,0,0.230769231,-0.02260913,-6.85E-09,0,-0.032662522,-7.47E-06,0.032662523,0
685,5.6639078,243.3265606,392.000061,56.15228321,90.46155255,0,0.230769231,-0.015103281,-8.56E-09,0,-0.331846536,-8.71E-07,0.331846536,0
686,5.6680153,243.275915,392.000061,56.14059578,90.46155255,0,0.230769231,-0.026790708,-8.99E-09,0,0.296174625,-4.52E-07,0.296174625,0
687,5.679623,243.2962928,392.000061,56.14529833,90.46155255,0,0.230769231,-0.022088159,-9.10E-09,0,0.193228994,-5.05E-08,0.193228994,0
688,5.6833206,243.3311304,392.000061,56.15333778,90.46155255,0,0.230769231,-0.014048707,-9.13E-09,0,0.175672221,-2.43E-08,0.175672221,0
689,5.6956395,243.366207,392.000061,56.16143238,90.46155255,0,0.230769231,-0.005954109,-9.13E-09,0,1.129553293,-3.45E-09,1.129553293,0
690,5.7106855,243.3979787,392.000061,56.16876433,90.46155255,0,0.230769231,0.001377839,-9.13E-09,0,1.131272373,-1.61E-09,1.131272373,0
691,5.7140087,243.4256856,392.000061,56.17515822,90.46155255,0,0.230769231,0.007771736,-9.13E-09,0,0.945009676,-1.60E-10,0.945009676,0
692,5.7271858,243.4493093,392.000061,56.18060984,90.46155255,0,0.230769231,0.013223348,-9.13E-09,0,0.876151259,-5.10E-11,0.876151259,0
693,5.7308512,243.4690511,392.000061,56.18516564,90.46155255,0,0.230769231,0.017779153,-9.13E-09,0,0.94727799,-2.87E-11,0.94727799,0
694,5.7427919,243.4852361,392.000061,56.18890064,90.46155255,0,0.230769231,0.021514152,-9.13E-09,0,0.59992709,-3.06E-12,0.59992709,0
695,5.7463434,243.4982087,392.000061,56.19189433,90.46155255,0,0.230769231,0.024507839,-9.13E-09,0,0.620004089,-1.55E-12,0.620004089,0
696,5.7588158,243.5083298,392.000061,56.19422995,90.46155255,0,0.230769231,0.026843468,-9.13E-09,0,0.390488118,7.99E-05,0.390488126,0
697,5.7622324,243.5159412,392.000061,56.19598644,90.46155255,0,0.230769231,0.028599954,-9.13E-09,0,0.374671363,0.000447009,0.37467163,0
698,5.7754528,243.5214032,392.0000381,56.1972469,90.46154726,0,0.230769231,0.02986041,5.27E-06,0,0.214302149,0.000563251,0.214302889,0
699,5.7790498,243.5250461,392.0000095,56.19808756,90.46154066,0,0.230769231,0.030701071,1.19E-05,0,0.189040202,0.000976311,0.189042723,0
700,5.7909775,243.5271699,391.9999795,56.19857766,90.46153373,0,0.230769231,0.031191177,1.88E-05,0,0.085904663,0.001004557,0.085910537,0
701,5.7943741,243.528067,391.9999491,56.1987847,90.46152671,0,0.230769231,0.031398214,2.58E-05,0,0.056508839,0.000947868,0.056516788,0
702,5.806792,243.5279823,391.9999415,56.19876515,90.46152496,0,0.230769231,0.031378667,2.76E-05,0,0.004389604,0.000582572,0.004428093,0
703,5.810569,243.5271372,391.9999396,56.19857012,90.46152452,0,0.230769231,0.031183633,2.80E-05,0,-1.034794279,0.000467756,1.034794385,0
704,5.8226972,243.5257243,391.9999391,56.19824406,90.46152441,0,0.230769231,0.030857575,2.81E-05,0,-1.431109508,5.48E-05,1.43110951,0
705,5.8265411,243.4398608,391.999939,56.17842941,90.46152439,0,0.230769231,0.011042925,2.82E-05,0,-1.487545147,2.67E-05,1.487545147,0
706,5.8381241,243.343459,391.999939,56.15618285,90.46152438,0,0.230769231,-0.011203641,2.82E-05,0,-1.412685884,3.45E-06,1.412685884,0
707,5.8419394,243.3387677,391.999939,56.15510025,90.46152438,0,0.230769231,-0.012286241,2.82E-05,0,-1.191286319,1.65E-06,1.191286319,0
708,5.8543029,243.3560542,391.999939,56.15908944,90.46152438,0,0.230769231,-0.008297047,2.82E-05,0,-0.075107602,2.20E-07,0.075107602,0
709,5.8589036,243.3775878,391.999939,56.16405872,90.46152438,0,0.230769231,-0.003327769,2.82E-05,0,0.51865888,1.02E-07,0.51865888,0
710,5.8703547,243.3987297,391.999939,56.16893762,90.46152438,0,0.230769231,0.001551131,2.82E-05,0,0.644871429,1.24E-08,0.644871429,0
711,5.874645,243.4182173,391.999939,56.17343475,90.46152438,0,0.230769231,0.006048268,2.82E-05,0,0.754861259,5.48E-09,0.754861259,0
712,5.8862465,243.4356777,391.999939,56.17746408,90.46152438,0,0.230769231,0.010077591,2.82E-05,0,0.59024767,8.31E-10,0.59024767,0
713,5.8903033,243.4510177,391.999939,56.18100407,90.46152438,0,0.230769231,0.013617587,2.82E-05,0,0.665480697,3.65E-10,0.665480697,0
714,5.9022225,243.464294,391.999939,56.18406785,90.46152438,0,0.230769231,0.016681365,2.82E-05,0,0.48792847,5.33E-11,0.48792847,0
715,5.9054718,243.4755897,391.999939,56.18667453,90.46152438,0,0.230769231,0.019288048,2.82E-05,0,0.495895568,2.44E-11,0.495895568,0
716,5.9190635,243.4850397,391.999939,56.18885531,90.46152438,0,0.230769231,0.021468825,2.82E-05,0,0.347784368,3.42E-12,0.347784368,0
717,5.9236847,243.4927924,391.999939,56.19064439,90.46152438,0,0.230769231,0.023257904,2.82E-05,0,0.061891564,1.75E-12,0.061891564,0
718,5.9345315,243.4989992,391.999939,56.19207673,90.46152438,0,0.230769231,0.024690246,2.82E-05,0,-0.176557686,-0.000269278,0.176557892,0
719,5.9501224,243.4197899,391.999939,56.17379767,90.46152438,0,0.230769231,0.006411188,2.82E-05,0,-0.169728133,-0.000376063,0.169728549,0
720,5.9540454,243.4131598,391.9999619,56.17226764,90.46152966,0,0.230769231,0.00488115,2.29E-05,0,-0.093947053,-0.000716952,0.093949788,0
721,5.9664111,243.4235872,391.9999905,56.17467396,90.46153626,0,0.230769231,0.007287478,1.63E-05,0,-0.074559592,-0.000823574,0.07456414,0
722,5.9704784,243.4370888,392.0000205,56.17778973,90.46154319,0,0.230769231,0.010403239,9.34E-06,0,0.27846098,-0.000900427,0.278462436,0
723,5.983637,243.4501459,392.0000509,56.1808029,90.46155021,0,0.230769231,0.013416418,2.33E-06,0,0.39819094,-0.000638915,0.398191453,0
724,5.9882009,243.4618674,392.0000585,56.18350786,90.46155196,0,0.230769231,0.01612137,5.75E-07,0,0.445913828,-0.000536855,0.445914152,0
725,5.9994929,243.4720762,392.0000604,56.18586374,90.4615524,0,0.230769231,0.018477249,1.37E-07,0,0.323092652,-0.00019646,0.323092712,0
726,6.0041322,243.4807853,392.0000609,56.18787353,90.46155251,0,0.230769231,0.020487047,2.74E-08,0,0.341391848,-9.02E-05,0.341391859,0
727,6.0152256,243.4880895,392.000061,56.18955913,90.46155254,0,0.230769231,0.022172639,0,0,0.24044485,-1.33E-05,0.24044485,0
728,6.01954,243.4940813,392.000061,56.19094183,90.46155254,0,0.230769231,0.023555341,-6.85E-09,0,0.23744012,-5.58E-06,0.23744012,0
729,6.0321785,243.498898,392.000061,56.19205338,90.46155255,0,0.230769231,0.02466689,-8.56E-09,0,0.162519024,-8.60E-07,0.162519024,0
730,6.0366693,243.5026656,392.000061,56.19292284,90.46155255,0,0.230769231,0.025536349,-8.99E-09,0,0.15179552,-3.67E-07,0.15179552,0
731,6.0479037,243.5055187,392.000061,56.19358124,90.46155255,0,0.230769231,0.026194752,-9.10E-09,0,0.092773806,-4.93E-08,0.092773806,0
732,6.052747,243.5075824,392.000061,56.19405747,90.46155255,0,0.230769231,0.026670984,-9.13E-09,0,0.083514495,-2.23E-08,0.083514495,0
733,6.0653479,243.508968,392.000061,56.19437724,90.46155255,0,0.230769231,0.026990753,-9.13E-09,0,0.046285149,-3.20E-09,0.046285149,0
734,6.0698667,243.5097837,392.000061,56.19456546,90.46155255,0,0.230769231,0.027178975,-9.13E-09,0,0.034558064,-1.30E-09,0.034558064,0
735,6.0811273,243.5101478,392.000061,56.19464949,90.46155255,0,0.230769231,0.027263003,-9.13E-09,0,0.013716377,-1.93E-10,0.013716377,0
736,6.0852094,243.5101473,392.000061,56.19464937,90.46155255,0,0.230769231,0.027262883,-9.13E-09,0,0.004194702,-8.72E-11,0.004194702,0
737,6.0964422,243.509861,392.000061,56.19458332,90.46155255,0,0.230769231,0.027196829,-9.13E-09,0,-0.006767428,-1.30E-11,0.006767428,0
738,6.1015803,243.509366,392.000061,56.19446909,90.46155255,0,0.230769231,0.027082601,-9.13E-09,0,-0.016024751,-5.38E-12,0.016024751,0
739,6.1127828,243.5087273,392.000061,56.19432169,90.46155255,0,0.230769231,0.026935201,-9.13E-09,0,-0.019494925,-5.06E-13,0.019494925,0
740,6.1172011,243.507984,392.000061,56.19415015,90.46155255,0,0.230769231,0.026763663,-9.13E-09,0,-0.02630569,0.000223222,0.026306637,0
741,6.1278738,243.5071802,392.000061,56.19396465,90.46155255,0,0.230769231,0.026578167,-9.13E-09,0,-0.025168883,0.000339936,0.025171179,0
742,6.1326062,243.5063612,392.0000381,56.19377567,90.46154726,0,0.230769231,0.026389183,5.27E-06,0,-0.846110971,0.000631541,0.846111206,0
743,6.14392,243.50555,392.0000095,56.19358845,90.46154066,0,0.230769231,0.026201966,1.19E-05,0,-1.235577006,0.000758553,1.235577239,0
744,6.1486747,243.4207066,391.9999795,56.17400923,90.46153373,0,0.230769231,0.006622738,1.88E-05,0,-1.241314963,0.000780654,1.241315208,0
745,6.1597209,243.3256356,391.9999491,56.15206976,90.46152671,0,0.230769231,-0.015316723,2.58E-05,0,-1.048610501,0.000575974,1.048610659,0
746,6.1755916,243.3224673,391.9999415,56.1513386,90.46152496,0,0.230769231,-0.016047888,2.76E-05,0,-0.956259313,0.000461083,0.956259424,0
747,6.1803205,243.3413933,391.9999396,56.15570615,90.46152452,0,0.230769231,-0.011680333,2.80E-05,0,0.094012141,0.000170658,0.094012296,0
748,6.1923531,243.3646071,391.9999391,56.16106317,90.46152441,0,0.230769231,-0.006323319,2.81E-05,0,0.578297706,4.38E-05,0.578297707,0
749,6.1969969,243.3874164,391.999939,56.16632686,90.46152439,0,0.230769231,-0.001059622,2.82E-05,0,0.775566922,2.17E-05,0.775566922,0
750,6.2081746,243.4084996,391.999939,56.17119222,90.46152438,0,0.230769231,0.003805731,2.82E-05,0,0.659538599,3.21E-06,0.659538599,0
751,6.2128302,243.427469,391.999939,56.17556977,90.46152438,0,0.230769231,0.00818328,2.82E-05,0,0.702272026,1.39E-06,0.702272026,0
752,6.2240907,243.4442276,391.999939,56.17943715,90.46152438,0,0.230769231,0.012050658,2.82E-05,0,0.527858455,2.08E-07,0.527858455,0
753,6.2291896,243.4587856,391.999939,56.18279669,90.46152438,0,0.230769231,0.015410198,2.82E-05,0,0.537547681,8.61E-08,0.537547681,0
754,6.240171,243.4712256,391.999939,56.18566746,90.46152438,0,0.230769231,0.018280969,2.82E-05,0,0.006991708,1.26E-08,0.006991708,0
755,6.2451598,243.4816828,391.999939,56.18808064,90.46152438,0,0.230769231,0.020694148,2.82E-05,0,-0.096606893,5.01E-09,0.096606893,0
756,6.255325,243.4062483,391.999939,56.17067269,90.46152438,0,0.230769231,0.003286203,2.82E-05,0,-0.179277822,8.10E-10,0.179277822,0
757,6.259696,243.4029422,391.999939,56.16990975,90.46152438,0,0.230769231,0.00252326,2.82E-05,0,-0.056673134,3.24E-10,0.056673134,0
758,6.2721819,243.4162263,391.999939,56.1729753,90.46152438,0,0.230769231,0.005588809,2.82E-05,0,-0.095294335,5.54E-11,0.095294335,-4.379801918
759,6.2763835,243.4321472,391.999939,56.17664936,90.46152438,0,0.230769231,0.009262876,2.82E-05,0,-0.539618688,2.25E-11,0.539618688,-6.905755975
760,6.2883408,243.4472054,391.999939,56.18012431,90.46152438,0,0.230769231,0.012737826,2.82E-05,-0.261853027,-0.832072999,0.211162141,0.85844914,-14.29689824
761,6.2924874,243.3765146,391.999939,56.16381107,90.46152438,0,0.230769231,-0.003575419,2.82E-05,-0.314223633,-1.601322062,1.850367071,2.447057548,-17.77123289
762,6.3040386,243.2945834,391.9470901,56.14490385,90.4493285,-1.309265137,0.230769231,-0.022482633,0.012224042,-0.741106445,-2.278801897,3.584394555,4.24744893,-27.76132552
763,6.3089533,243.2178986,391.7725391,56.12720737,90.40904749,-0.261853027,0.230769231,-0.040179113,0.052505044,-0.826483008,-2.909069594,9.21290767,9.661281159,-45.19266294
764,6.3194807,243.1032608,391.3770185,56.1007525,90.31777349,-2.134414063,0.230769231,-0.066633991,0.143779049,-1.352331514,-2.332592658,12.67825729,12.89105102,-59.46099709
765,6.3244975,243.0410702,390.7652141,56.08640081,90.17658787,-0.426882813,0.230769231,-0.080985677,0.284964672,-1.899442133,-2.069817854,21.63508884,21.73387253,-79.7363729
766,6.3356981,242.9900229,389.9242442,56.07462068,89.98251789,-2.629242529,0.230769231,-0.092765807,0.479034646,-2.839972655,-1.18141345,25.82433932,25.85134889,-97.92207916
767,6.3411211,242.9824339,388.8470202,56.07286935,89.73392774,-4.044818232,0.230769231,-0.094517133,0.727624795,-3.590150293,0.186858033,39.94671937,39.9471564,-122.0572081
768,6.3518733,243.0216323,387.489198,56.08191515,89.42058415,-4.964505639,0.230769231,-0.085471334,1.040968387,-4.754615752,1.349529971,41.98580518,42.00748823,-112.2687149
769,6.3565484,243.1093204,385.8830417,56.10215087,89.0499327,-5.885302251,0.230769231,-0.065235617,1.411619841,-5.552309869,3.390680833,57.76767779,57.86710044,-122.5702056
770,6.3677088,243.252115,384.0289498,56.13510345,88.62206534,-6.249210108,0.230769231,-0.032283035,1.839487196,-6.22319757,4.431256689,58.11139022,58.28009702,-100.9497591
771,6.3726394,243.447699,381.9727755,56.18023823,88.14756357,-6.617713115,0.230769231,0.012851743,2.313988966,-6.891189807,4.970275515,59.20366287,59.41192923,-81.67160043
772,6.3836052,243.679586,379.712867,56.23375062,87.62604624,-7.399256734,0.230769231,0.066364136,2.835506301,-7.222689866,6.695202355,67.56344239,67.89436267,-51.90226941
773,6.3997162,243.9264769,377.2970369,56.29072543,87.06854699,-8.304466825,0.230769231,0.123338943,3.39300555,-7.414562387,7.260890524,70.63719105,71.00938875,-38.92464326
774,6.4045282,244.1965736,374.7722573,56.35305544,86.48590553,-7.542802545,0.230769231,0.185668957,3.97564701,-7.519365114,8.343701449,78.07946599,78.52401138,-1.775062719
775,6.415875,244.480826,372.1315256,56.41865215,85.87650591,-7.208572716,0.230769231,0.251265663,4.585046624,-7.465185279,8.568942385,79.74214316,80.20122299,8.018949474
776,6.4205649,244.7768914,369.4194857,56.48697493,85.25065055,-7.14172675,0.230769231,0.319588445,5.210901988,-7.229428657,10.46849259,99.15095815,99.70206537,19.58913424
777,6.4317232,245.0673041,366.7179314,56.55399324,84.62721494,-7.128357557,0.230769231,0.386606755,5.834337593,-7.020325429,8.942637432,86.01514919,86.47876418,24.7164119
778,6.4365202,245.3382448,363.9813704,56.61651802,83.99570085,-7.125683718,0.230769231,0.449131538,6.465851683,-6.799943992,10.03674397,99.5587611,100.0633956,24.10086539
779,6.447948,245.6018799,361.2378429,56.6773569,83.36257913,-6.497286402,0.230769231,0.509970417,7.098973407,-6.755867705,8.143152789,84.90473145,85.29433955,14.08027874
780,6.4531421,245.8551285,358.5048419,56.73579888,82.73188659,-6.106665532,0.230769231,0.568412395,7.729665948,-6.747052447,8.966919875,99.96789991,100.3692516,6.607041801
781,6.4637581,246.0897472,355.7365239,56.78994167,82.09304397,-6.921345313,0.230769231,0.622555184,8.368508563,-6.745289396,7.145454448,85.40725884,85.70564382,-8.082102328
782,6.4686444,246.3041331,352.9587587,56.83941534,81.45202123,-7.08428127,0.230769231,0.672028851,9.009531309,-6.836303973,7.883885356,103.0524935,103.3536263,-11.54481578
783,6.4795223,246.4892337,350.1849716,56.88213084,80.81191653,-7.116868461,0.230769231,0.714744358,9.649636004,-7.135491996,6.150380249,89.29765826,89.50921153,-12.08773701
784,6.483969,246.6629616,347.4173977,56.92222192,80.17324562,-6.952359288,0.230769231,0.754835431,10.28830692,-7.1953296,6.278109003,103.691499,103.8813824,-12.22173537
785,6.4957314,246.7946734,344.7337745,56.95261693,79.55394796,-7.602605647,0.230769231,0.785230443,10.90760458,-7.207297121,4.659057858,88.57094832,88.69340284,-7.934763798
786,6.5004812,246.9127911,342.0138727,56.97987487,78.92627831,-7.220533336,0.230769231,0.812488385,11.53527422,-7.209690625,4.591544069,101.7600213,101.8635568,3.795362215
787,6.5117846,247.0122096,339.2912413,57.0028176,78.29797876,-7.144118874,0.230769231,0.835431117,12.16357377,-7.177946426,3.203629301,84.35319152,84.41400453,3.997903137
788,6.5167268,247.0890776,336.6187164,57.02055638,77.68124224,-7.128835982,0.230769231,0.853169892,12.78031029,-7.024014578,3.776803831,101.8437182,101.9137242,-5.007678054
789,6.5271759,247.1830932,334.056176,57.04225228,77.08988677,-6.79363829,0.230769231,0.874865797,13.37166577,-7.154042418,2.902309271,84.51217391,84.56199464,-11.62073801
790,6.5312332,247.2789123,331.5929319,57.06436439,76.52144583,-6.832946408,0.230769231,0.896977901,13.94010671,-7.340862194,3.440438391,101.155048,101.2135384,-38.73046078
791,6.5434865,247.3514587,329.1775833,57.08110586,75.96405768,-7.870672534,0.230769231,0.913719376,14.49749486,-7.752195876,2.912860476,85.50604105,85.55564161,-56.24845542
792,6.547424,247.432,326.8093189,57.0996923,75.41753513,-8.078217759,0.230769231,0.932305814,15.0440174,-8.274860562,2.902305971,98.2288565,98.27172345,-72.32938865
793,6.5590899,247.4800932,324.4563733,57.11079074,74.87454769,-9.185504392,0.230769231,0.94340425,15.58700485,-8.933325384,1.873062852,79.48137127,79.50343857,-70.64119005
794,6.5634993,247.5187583,322.1595111,57.11971346,74.34450256,-9.406961718,0.230769231,0.952326977,16.11704997,-9.342731971,1.347047294,94.49625702,94.50585763,-77.26086712
795,6.5749299,247.5338034,319.8628911,57.12318539,73.81451333,-10.12527052,0.230769231,0.955798903,16.64703921,-9.772572273,0.137475464,75.58440756,75.58453258,-56.55301843
796,6.5793921,247.5093664,317.531656,57.11754608,73.276536,-9.917705471,0.230769231,0.950159597,17.18501654,-10.07005645,-1.446367545,92.40347014,92.41478926,-56.22502714
797,6.5915531,247.4394105,315.2003044,57.10140243,72.73853179,-10.22741927,0.230769231,0.934015943,17.72302074,-10.42516974,-2.389078743,77.61172962,77.64849176,-42.28191954
798,6.5957834,247.3116806,312.8055006,57.0719263,72.18588476,-10.67292526,0.230769231,0.904539813,18.27566778,-10.65700538,-3.967728413,92.86173727,92.94646372,-52.71590597
799,6.607776,247.1718876,310.4020206,57.03966637,71.63123552,-11.18252817,0.230769231,0.872279881,18.83031701,-10.93443086,-4.394899658,79.3186843,79.44034757,-42.47075174
800,6.6123577,247.0212052,307.9676011,57.00489352,71.06944641,-11.28444875,0.230769231,0.837507029,19.39210613,-11.3457497,-4.714368395,77.87329358,78.01586455,-37.05883243
801,6.6231313,246.8624905,305.5003613,56.96826704,70.50008337,-11.30483286,0.230769231,0.800880549,19.96146917,-11.51211381,-5.03790562,72.12953451,72.30525736,-26.33827246
802,6.6386692,246.6655585,303.0082309,56.9228212,69.92497636,-12.28401345,0.230769231,0.755434713,20.53657618,-11.54538663,-5.47646164,74.44470837,74.6458722,-23.59957241
803,6.644211,246.4593813,300.5606438,56.87524183,69.36014858,-11.5047458,0.230769231,0.707855345,21.10140396,-11.55204119,-5.621818229,69.13502257,69.36321926,-6.273749594
804,6.6541614,246.2488442,298.0673155,56.82665635,68.78476512,-11.34889228,0.230769231,0.659269864,21.67678742,-11.64596854,-5.845942823,69.71946142,69.96412186,-9.733846584
805,6.6601342,246.0336008,295.5808853,56.7769848,68.21097352,-11.31772157,0.230769231,0.609598317,22.25057901,-11.66475401,-6.874577169,83.25286562,83.53621637,-27.81290694
806,6.6704257,245.8320124,293.0937305,56.7304644,67.63701474,-11.77446961,0.230769231,0.563077917,22.8245378,-12.00172155,-5.878217166,72.87961838,73.11629239,-36.93517246
807,6.6758679,245.6417456,290.6250714,56.68655668,67.06732418,-12.3779408,0.230769231,0.519170196,23.39422836,-12.50532478,-6.207289738,82.72894824,82.96149301,-52.13283544
808,6.6873378,245.4626291,288.1371867,56.6452221,66.49319694,-13.18958352,0.230769231,0.477835612,23.9683556,-13.04225514,-5.304403346,74.94730663,75.134782,-59.57908888
809,6.6926171,245.3132853,285.6877086,56.61075814,65.92793274,-13.8669084,0.230769231,0.443371658,24.5336198,-13.4932545,-5.841736135,90.40932586,90.59785915,-61.72903166
810,6.7025446,245.1497325,283.2287661,56.57301518,65.36048449,-14.00237338,0.230769231,0.405628695,25.10106805,-13.89409157,-4.77113221,78.70376857,78.84825229,-43.82691137
811,6.7067561,245.018207,280.8000733,56.54266316,64.80001692,-14.02946638,0.230769231,0.375276676,25.66153562,-14.07725826,-5.414897689,95.33982913,95.49347692,-41.55595565
812,6.7188619,244.8757828,278.3789887,56.50979604,64.24130508,-14.38212619,0.230769231,0.342409553,26.22024746,-14.11389159,-4.55323592,84.05171587,84.1749541,-24.9975919
813,6.723108,244.7502491,275.9274879,56.48082672,63.67557414,-14.10541694,0.230769231,0.313440232,26.7859784,-14.26444702,-4.83812124,100.4905906,100.606989,-13.91026485
814,6.7345308,244.6403707,273.4213022,56.45547015,63.09722359,-14.05007509,0.230769231,0.288083665,27.36432895,-14.29455811,-3.753396065,83.5822717,83.66650539,-5.00363848
815,6.7387423,244.5449918,270.8781222,56.43345965,62.51033589,-14.75515052,0.230769231,0.26607316,27.95121665,-14.23113208,-3.970958323,104.4452623,104.520722,0.879188181
816,6.7509267,244.4508346,268.3153252,56.41173106,61.91892121,-14.1800218,0.230769231,0.244344572,28.54263133,-14.21844687,-2.88489458,88.32962361,88.37672219,14.48111044
817,6.7549261,244.3849293,265.7076155,56.39652214,61.31714204,-14.06499606,0.230769231,0.22913565,29.1444105,-14.11291057,-3.132066723,111.3991239,111.4431454,36.22785311
818,6.7664226,244.3155698,263.0843288,56.3805161,60.71176818,-14.04199091,0.230769231,0.213129616,29.74978435,-13.73867342,-2.121973867,93.22047074,93.24461882,38.39329848
819,6.7700559,244.2611625,260.4711097,56.36796058,60.10871762,-13.52239354,0.230769231,0.200574089,30.35283492,-13.35318879,-1.919078495,120.9505947,120.9658184,79.43116892
820,6.7823509,244.251795,257.8892236,56.36579884,59.51289776,-12.88396479,0.230769231,0.198412356,30.94865477,-13.03490289,-1.037378344,100.3078518,100.3132159,84.68605393
821,6.7855545,244.2411218,255.2906119,56.3633358,58.91321813,-12.25259862,0.230769231,0.195949316,31.54833441,-12.37422301,-0.553675445,122.3826929,122.3839454,114.3331186
822,6.7983465,244.274697,252.6712476,56.37108391,58.30874945,-12.4735666,0.230769231,0.203697426,32.15280308,-11.70056482,0.381185222,98.80174623,98.80248155,104.6017286
823,6.8019787,244.2908498,250.1052089,56.3748115,57.71658667,-10.73859149,0.230769231,0.207425014,32.74496587,-11.04390813,1.692192674,119.5254358,119.5374139,143.3104139
824,6.8141925,244.3553472,247.5608214,56.38969551,57.12942033,-10.15410258,0.230769231,0.222309019,33.33213221,-10.34233875,2.322419494,91.76006772,91.78945288,107.1059979
825,6.8180393,244.4616853,245.0257492,56.41423507,56.54440366,-9.600681355,0.230769231,0.246848584,33.91714888,-9.498232155,4.292186699,118.4247918,118.5025493,110.5757756
826,6.8300839,244.5860253,242.5015545,56.44292891,55.96189719,-8.74475175,0.230769231,0.275542421,34.49965535,-9.194607369,4.829464056,95.17093344,95.29339061,78.46507597
827,6.8333174,244.7325125,239.9713359,56.47673365,55.37800059,-8.253033602,0.230769231,0.309347163,35.08355195,-8.968225673,5.180028706,92.44095674,92.58597723,69.28824522
828,6.8460895,244.9379919,237.3832492,56.52415197,54.78074981,-9.22046756,0.230769231,0.356765481,35.68080273,-8.709793816,6.797971146,92.46751411,92.71706195,35.71925014
829,6.8635226,245.162465,234.7827325,56.57595347,54.18063057,-9.022194098,0.230769231,0.408566983,36.28092197,-8.508327171,7.183017896,93.1576763,93.43419288,39.38160178
830,6.8674211,245.4068959,232.2113463,56.63236058,53.58723375,-8.308522072,0.230769231,0.464974096,36.87431878,-8.307219634,8.282903906,92.08314991,92.45492412,62.16305332
831,6.8789349,245.6218122,229.6262199,56.68195665,52.99066613,-7.737418526,0.230769231,0.514570166,37.47088641,-7.80613753,8.290014186,91.73792866,92.11173589,68.78403297
832,6.8823176,245.8556712,227.0580061,56.73592413,52.3980014,-7.247495912,0.230769231,0.568537645,38.06355113,-7.183996061,10.20275776,119.8586895,120.2921515,107.2880611
833,6.8953178,246.0668231,224.5209369,56.78465148,51.8125239,-6.715057044,0.230769231,0.617264994,38.64902863,-6.490578509,7.896998861,98.71381953,99.02919144,117.8796277
834,6.8986303,246.2467549,222.0085568,56.82617421,51.23274388,-5.911486751,0.230769231,0.658787722,39.22880865,-5.814574442,9.17506181,115.5110509,115.8748663,149.1323763
835,6.9108281,246.4021619,219.5513755,56.86203736,50.66570204,-4.841434313,0.230769231,0.694650875,39.7958505,-4.539371187,6.392663685,89.91479687,90.14175972,130.2666863
836,6.9149631,246.5938495,217.1180761,56.90627296,50.10417141,-4.357398191,0.230769231,0.738886474,40.35738113,-3.713264862,7.480250932,111.2431625,111.4943736,149.5187913
837,6.9270059,246.7004109,214.6537027,56.93086406,49.53546985,-0.871479638,0.230769231,0.763477572,40.92608269,-2.634348529,5.812879554,85.67189411,85.86887101,114.5573546
838,6.9307884,246.8509793,212.1675761,56.96561062,48.96174832,-2.58452542,0.230769231,0.798224132,41.49980422,-2.068488358,8.594354595,111.1057036,111.4376072,97.92699185
839,6.9429097,247.071498,209.6898585,57.01649955,48.38996734,-0.516905084,0.230769231,0.849113061,42.07158519,-1.713703775,7.284099853,92.57596223,92.86208533,65.35827322
840,6.9462267,247.3136585,207.1937812,57.07238273,47.8139495,-2.012133458,0.230769231,0.904996245,42.64760304,-1.642746859,9.752627978,116.154528,116.5632366,35.35508135
841,6.9596602,247.5550382,204.6818987,57.12808573,47.23428431,-2.583475276,0.230769231,0.960699243,43.22726823,-1.146509577,8.976843938,95.6088528,96.02935208,3.395549661
842,6.9632471,247.7786216,202.1154591,57.17968191,46.64202902,-0.516695055,0.230769231,1.012295421,43.81952351,-1.36325089,11.4829892,115.4237672,115.9935562,-2.665284999
843,6.974973,248.0482931,199.6282262,57.24191379,46.0680522,-0.103339011,0.230769231,1.074527304,44.39350034,-1.482833283,9.22474114,90.33098648,90.80078726,-13.36893662
844,6.9789506,248.3366392,197.1074884,57.30845519,45.48634347,-1.60061165,0.230769231,1.141068704,44.97520907,-1.486948737,12.02345453,116.0013011,116.6227479,-25.3796801
845,6.990859,248.6233596,194.6206145,57.37462145,44.91244949,-2.610045426,0.230769231,1.207234964,45.54910305,-1.869522316,10.35003386,91.70562463,92.28783662,-12.81512017
846,6.9941694,248.8835811,192.1604026,57.43467257,44.3447083,-2.604052542,0.230769231,1.267286085,46.11684424,-1.946037032,13.79037974,115.0633145,115.886759,1.003596384
847,7.0071591,249.2222991,189.7040869,57.51283825,43.7778662,-2.42956295,0.230769231,1.345451766,46.68368634,-1.914900766,11.81980646,94.99289235,95.72542724,8.624229121
848,7.010595,249.5574325,187.2364313,57.59017674,43.20840721,-0.48591259,0.230769231,1.422790251,47.25314532,-1.712541921,14.75806931,116.083314,117.0176756,40.88012327
849,7.0229203,249.924686,184.7852469,57.67492755,42.64274928,-1.444930321,0.230769231,1.507541062,47.81880326,-1.25566146,12.09281233,90.55865237,91.36249574,47.00522871
850,7.0265836,250.2461022,182.3462484,57.74910052,42.07990348,-1.598251201,0.230769231,1.581714029,48.38164906,-0.78253488,14.83509382,114.5278973,115.4847144,63.57767653
851,7.03918,250.5088637,179.9511403,57.80973777,41.52718623,-0.31965024,0.230769231,1.642351281,48.9343663,-0.687909564,11.56798504,90.02786062,90.76802282,56.94777062
852,7.0425635,250.7981258,177.5541646,57.87649057,40.97403799,-0.063930048,0.230769231,1.709104082,49.48751455,-0.39943494,14.00243318,111.460775,112.3368706,74.91120976
853,7.0549751,251.1301536,175.2286825,57.95311236,40.43738826,-0.01278601,0.230769231,1.785725871,50.02416428,-0.079886988,10.85062076,89.47907019,90.13456592,50.57085527
854,7.0584874,251.4200697,172.8991353,58.02001608,39.89980046,-0.002557202,0.230769231,1.85262959,50.56175208,0.365773663,10.50095163,87.05419632,87.68525008,49.29733881
855,7.0704493,251.6527317,170.6320867,58.0737073,39.37663539,-0.00051144,0.230769231,1.906320817,51.08491715,0.454905793,8.783203678,77.10181223,77.60047755,67.84797108
856,7.0860249,251.859636,168.4888322,58.12145446,38.8820382,1.908653014,0.230769231,1.954067976,51.57951433,0.472732219,8.264290951,77.17021823,77.61147522,73.40504576
857,7.0905118,252.0762371,166.2777066,58.17143934,38.37177844,0.381730603,0.230769231,2.00405285,52.0897741,1.271456043,6.304287648,66.49478199,66.79296426,70.67556664
858,7.1020514,252.2551967,164.0985023,58.21273769,37.86888514,0.076346121,0.230769231,2.045351206,52.5926674,1.889185656,6.134302918,65.94522792,66.22992343,89.09216202
