frame,t_s,x_px_filt,y_px_filt,x_mm_abs,y_mm_abs,angle_deg_raw,cumulative_angle,pid_voltage,pid_error,pid_output,mm_per_px,x_mm,y_mm,angle_deg_unwrapped,vx_mm_s,vy_mm_s,speed_mm_s,angular_vel_dps
461,3.8203292999996847,258.980791728947,367.9087308161676,55.94486749345522,79.47541227975637,-2.1058010069740307,-0.1308711974037171,2.4,2.1058010069740307,1.2,0.21601937008520664,0.0,-0.0,-0.9105703401406273,,,,
514,4.258360699999685,258.98272683349086,367.9948887314865,55.945285513519835,79.49402405835143,-2.0392089114409213,-0.06427910187060748,1.2949624700611992,2.0392089114409213,0.09496247006119932,0.21601937008520664,0.0004180200646146659,-0.01861177859505858,-1.2225016872134047,,,,
515,4.269578999999794,258.9883803778063,367.9149514309185,55.94650678860161,79.47675605303641,-0.4078417822881843,1.5670880272821295,0.0,0.4078417822881843,-1.2,0.21601937008520664,0.0016392951463899408,-0.001343773280041205,-1.28488795662796,,,,
516,4.274263299999802,258.99064062667816,367.8998880652492,55.94699504613914,79.47350207427316,-1.5596567353638868,0.415273074206427,2.4,1.5596567353638868,1.2,0.21601937008520664,0.002127552683923284,0.0019102054832131898,-1.2034706341160653,-0.37013072623426485,0.6294965472322267,0.7302483532881121,-10.966265277178454
517,4.285180099999707,258.91059350627893,367.825123078324,55.92970331761337,79.45735138889316,-0.31193134707277737,1.6629984624975365,0.06414068530677808,0.31193134707277737,-1.1358593146932219,0.21601937008520664,-0.015164175841853478,0.018060890863210943,-1.1690412947919633,-0.3830700949098667,0.5638868631993195,0.6816972143870197,-6.856145022238072
518,4.289358999999877,258.901293396101,367.83524805473724,55.927694313671005,79.45953857992006,-1.6987143944145555,0.2762154151557583,2.4,1.6987143944145555,1.2,0.21601937008520664,-0.01717317978421562,0.015873699836305377,-1.4577731027083927,-0.3088798355818445,0.07242842575507907,0.3172579860089046,-17.009149345688147
519,4.301349399999708,258.897755294826,367.85581518751246,55.926930015262286,79.46398147898663,-1.8670622148204112,0.1078675947499026,1.3786155549099572,1.8670622148204112,0.17861555490995734,0.21601937008520664,-0.01793747819293401,0.011430800769744565,-1.2199017885104286,-0.5835742874054477,0.1606660442054545,0.6052871439915151,-20.95929099912679
520,4.305753099999947,258.907536663062,367.87452966357733,55.92904298026719,79.46802416831764,-1.8515008218703324,0.12342898769998145,1.2025732215475309,1.8515008218703324,0.0025732215475308406,0.21601937008520664,-0.015824513188029243,0.007388111438729084,-1.4679452014520857,-0.24988870345320957,-0.16257895482785284,0.2981212516182688,-21.40920669770795
521,4.317486899999949,258.8385937604921,367.81283255017166,55.9141499778822,79.45469639674367,-0.3703001643740665,1.6046296451962474,0.0,0.3703001643740665,-1.2,0.21601937008520664,-0.03071751557302349,0.020715883012698555,-1.4957521262279174,-0.08347557324550368,-0.14702475391956749,0.16906936326187197,-7.937624623378137
522,4.322225599999911,258.8404467799668,367.8158332596132,55.91455026598187,79.45534460810704,-1.5521484117810633,0.4227813977892505,2.4,1.5521484117810633,1.2,0.21601937008520664,-0.030317227473346975,0.0200676716493291,-1.4914673197768336,0.2721531057851316,-0.2756656228555916,0.3873743004031815,-26.686717353100608
523,4.333473799999865,258.858739929855,367.83903674507906,55.9185019406976,79.46035701042115,-1.8377490182937128,0.137180791276601,1.4915754749610155,1.8377490182937128,0.29157547496101555,0.21601937008520664,-0.02636555275761765,0.015055269335221055,-1.510981452236617,0.22206254726297142,-0.17857526502265425,0.2849577164683045,-11.564497997023539
524,4.3378020999998625,258.8930907441825,367.859348724844,55.92592238197054,79.46474479149516,-1.8456381825649926,0.12929162700532126,1.2560603506681614,1.8456381825649926,0.05606035066816146,0.21601937008520664,-0.018945111484683252,0.010667488261205449,-1.8308730482598237,0.5189519794542704,-0.4677570590573402,0.6986471378868431,-10.931429184450701
525,4.349813499999982,258.90584409717843,367.88340102398445,55.928677353251196,79.46994055400458,-1.9490714841692487,0.02585832540106514,1.3260381038107003,1.9490714841692487,0.1260381038107003,0.21601937008520664,-0.016190140204024317,0.005471725751789336,-1.599233691683215,0.6666232318280803,0.13385655784055422,0.679929489939829,-11.430621036968097
526,4.3654200999999375,258.92139205456806,367.90580203822265,55.93203601321262,79.47477960698959,-1.9697581444901,0.0051716650802138275,1.2536250390002648,1.9697581444901,0.05362503900026492,0.21601937008520664,-0.012831480242603277,0.000632672766784026,-1.5868181738835183,0.6471986354002008,0.1842226749387632,0.672907176084098,-5.434401069151821
527,4.370045899999695,258.9390119540717,367.84431702566894,55.93584225280436,79.46149765330806,-0.39395162889802005,1.5809781806722938,0.0,0.39395162889802005,-1.2,0.21601937008520664,-0.009025240650856858,0.013914626448311651,-1.594181261729829,0.2718093707691453,0.12312200298580384,0.29839464079831424,11.80879403251135
528,4.381180699999732,258.95211443871324,367.8543058799524,55.93867264328318,79.46365543931825,-1.7756714292952291,0.1992583802750847,2.4,1.7756714292952291,1.2,0.21601937008520664,-0.006194850172043687,0.011756840438124527,-1.279665109767841,-0.03743019333396905,0.4154965666227046,0.41717911770398325,3.0913135751391065
529,4.385374899999988,258.94895848028375,367.8799201589529,55.93799089513122,79.46918861973312,-1.882453621796546,0.09247618777376787,1.4932482651387349,1.882453621796546,0.2932482651387348,0.21601937008520664,-0.006876598323998451,0.006223660023252364,-1.2280387348441932,-0.06507233997242684,0.33076025049732505,0.3371005083629218,17.157319328824656
530,4.397519299999658,258.8749273031764,367.8220537091718,55.921998726885825,79.45668834570235,-0.3764907243593092,1.5984390852110046,0.0,0.3764907243593092,-1.2,0.21601937008520664,-0.022868766569395405,0.01872393405402306,-1.523177327046964,-0.17380451030442376,-0.34520944039350376,0.38649393984764696,18.56814836977079
531,4.40146089999962,258.8763322286261,367.83544201616013,55.92230221799649,79.45958047934447,-1.711626269871862,0.26330353969845177,2.4,1.711626269871862,1.2,0.21601937008520664,-0.02256527545873155,0.015831800411902464,-1.2428288247843928,0.7081254787052392,0.18489634135629146,0.7318663475242365,1.6143680660898223
532,4.413528099999894,258.891926990262,367.8638516539424,55.9256709885817,79.46571751140253,-1.8696445899118725,0.10528521965844129,1.369379686866307,1.8696445899118725,0.1693796868663071,0.21601937008520664,-0.01919650487351987,0.009694768353838867,-1.1769129329256287,0.8449256107972463,0.41736677079220597,0.9423875578245998,-1.6279831239567608
533,4.418361599999571,258.9962819184639,367.8088813094817,55.94821367443717,79.45384285221877,-0.37392891798237454,1.6010008915879392,0.0,0.37392891798237454,-1.2,0.21601937008520664,0.003346180981949942,0.021569427537599495,-1.450115252600751,1.3036540770760014,-0.0008465326649685911,1.3036543519255532,15.347666080129585
534,4.429472599999826,259.0231030723894,367.81695116233135,55.95400756321311,79.45558609674804,-1.552874162502725,0.4220556470675889,2.293176049259993,1.552874162502725,1.093176049259993,0.21601937008520664,0.009140069757890501,0.019826183008333942,-1.4934788610670255,1.3315140724793828,0.022311480514480217,1.3317009902276784,-3.2293700441813726
535,4.434372099999564,259.04525788479657,367.84103283452816,55.95879343183366,79.46078820440658,-1.7425023227349201,0.23242748683539372,1.62295155803283,1.7425023227349201,0.42295155803282997,0.21601937008520664,0.013925938378442027,0.01462407534978638,-1.1966877155727804,2.397884743223387,0.8438951395466598,2.542048435481505,10.931222573416608
536,4.445229799999652,259.05612953467573,367.8720929254289,55.96114191879234,79.46749778567775,-1.9284443122032342,0.04648549736707963,1.4109091681639634,1.9284443122032342,0.2109091681639635,0.21601937008520664,0.016274425337122977,0.007914494078619327,-1.4329471622551815,1.4332530765275004,0.30212756397157176,1.4647509843952797,23.06708537802211
537,4.448486399999638,259.1407184798603,367.81783097061503,55.97941476944729,79.45577615237927,-0.3856888624406469,1.589240947129667,0.0,0.3856888624406469,-1.2,0.21601937008520664,0.034547275992068194,0.019636127377097523,-1.1845813758104113,1.1804217073265575,0.9123304609496747,1.491892180120397,25.813377710968968
538,4.460436699999718,259.1319050838323,367.83177707859124,55.97751090518901,79.45878878183943,-1.5552261513943795,0.41970365817593436,2.210878798634691,1.5552261513943795,1.0108787986346912,0.21601937008520664,0.03264341173378682,0.016623497916938845,-1.1349082185214574,0.9223719617297681,1.0697067836455973,1.4124597830602574,8.961156850218988
539,4.464459399999669,259.11807453755966,367.77788292931575,55.97452323929526,79.44714660166166,-0.31104523027887593,1.6638845792914378,0.0,0.31104523027887593,-1.2,0.21601937008520664,0.029655745840038605,0.028265678094712143,-1.0953703155792915,0.6992848442514383,0.9182302453417535,1.1541863267515065,9.146299250933389
540,4.476606599999741,259.1004491153469,367.7933400560594,55.97071580669137,79.45048564044414,-1.4941365362901502,0.48079327328016364,2.20497083680719,1.4941365362901502,1.0049708368071901,0.21601937008520664,0.02584831323615333,0.02492663931222694,-1.3830804107721084,-0.43465827643211535,0.10503177946049666,0.4471683038494294,-11.475532882649095
541,4.480887599999733,259.0826302842078,367.8205960613781,55.966866594013055,79.45637346554415,-1.7307547974924051,0.2441750120779087,1.7884657239254946,1.7307547974924051,0.5884657239254947,0.21601937008520664,0.02199910055783505,0.019038814212223087,-1.4722703790294216,-0.5428700606555132,-0.14318217501709005,0.5614348029813838,-16.287835411883655
542,4.49332349999986,259.07925132105197,367.84746011153595,55.966136672520584,79.46217662073717,-1.824239338404731,0.15069047116558276,1.3128139561613987,1.824239338404731,0.11281395616139873,0.21601937008520664,0.02126917906536363,0.013235659019201762,-1.8060971422121346,-0.44686296887916327,-0.8272437620649566,0.9402227155471636,-13.930891080489726
543,4.497636199999761,259.0652687628802,367.87727030132146,55.96311616911213,79.46861619915676,-2.0011759926809463,-0.026246183110632426,1.651457066249019,2.0011759926809463,0.4514570662490189,0.21601937008520664,0.01824867565691335,0.006796080599613674,-1.8919408639893018,-0.49762446323622206,-0.9672942981702223,1.0877905890766664,-7.192851495335358
544,4.51009219999969,259.050123037888,367.9076110323616,55.95984439913984,79.47517038476397,-1.9801790461924393,-0.005249236622125508,1.2239360319522194,1.9801790461924393,0.023936031952219595,0.21601937008520664,0.014976905684619624,0.00024189499239923862,-1.6227241102978605,-0.6681950205647409,-0.4626138426904637,0.8127091441323591,-2.1322984223662176
545,4.515473899999961,259.0359911476556,367.9319045891451,55.95679163711372,79.48041826359747,-1.923355145175988,0.05157466439432579,1.1340795284610847,1.923355145175988,-0.06592047153891518,0.21601937008520664,0.011924143658497144,-0.005005983841101624,-1.5688807595595722,-0.7142357282300009,-0.3952964881433869,0.8163283585780508,4.365251622176345
546,4.527031399999942,258.9422558435545,367.870480724923,55.93654299576706,79.46714951914002,-0.3846710290351976,1.5902587805351163,0.0,0.3846710290351976,-1.2,0.21601937008520664,-0.00832449768815735,0.008262760616347009,-1.5172319624587896,-0.5064235334716422,-0.15997064084493656,0.5310888825669797,8.258470801691091
547,4.532470999999987,258.9349810751464,367.8737557403128,55.934971504878035,79.46785698590153,-1.5550225847132895,0.41990722485702436,2.4,1.5550225847132895,1.2,0.21601937008520664,-0.009895988577184767,0.007555293854835554,-1.486531109288633,-0.4236406159052321,-0.203305545576343,0.46989841062367815,-5.973665570913347
548,4.542464199999813,258.95064895531004,367.88839895705087,55.93835607048155,79.47102020435732,-1.742932007177033,0.23199780239328094,1.4241259453752977,1.742932007177033,0.22412594537529767,0.21601937008520664,-0.006511422973673575,0.004392075399053397,-1.4909158409983516,-0.30220187826734274,-0.10077782875073185,0.31856262492015863,-9.703887105211912
549,4.548646999999619,258.95497791265564,367.90966077441897,55.93929120912047,79.47561316875205,-1.8266747803416565,0.1482550292286573,1.3732195458809509,1.8266747803416565,0.1732195458809508,0.21601937008520664,-0.005576284334750881,-0.00020088899567838325,-1.7972566545277955,0.058618630989991295,-0.43289323348174347,0.43684401734877865,-1.981730214264914
550,4.558089199999813,258.9567239093162,367.92987643628055,55.93966837821926,79.47998014329323,-1.9452788037245816,0.029651005845732215,1.3657758367833117,1.9452788037245816,0.1657758367833118,0.21601937008520664,-0.005199115235960505,-0.004567863536863115,-1.8788959109836845,0.12328868662392772,-0.46587655674855466,0.4819139615920484,-2.472829985668235
551,4.564357999999629,258.9582361531103,367.94474938250767,55.93999505217107,79.48319298776853,-1.9163750966824165,0.058554712887897375,1.1934919537024031,1.9163750966824165,-0.006508046297596777,0.21601937008520664,-0.004872441284149431,-0.007780708012163018,-1.608838264227987,0.06966270532755023,-0.20333484190206752,0.21493708485250257,1.9314559835240015
552,4.5749086999999236,258.95991884052364,367.9591564008027,55.94035854524615,79.48630518278543,-1.9632188669927335,0.011710942577580319,1.2849555152613177,1.9632188669927335,0.0849555152613177,0.21601937008520664,-0.0045089482090716615,-0.010892903029059653,-1.5751978286268475,0.05380783563730776,-0.07188045066945113,0.08978909936297905,13.839875578686454
553,4.589861299999939,258.9648027081778,367.8902026133843,55.941413555260375,79.47140982906232,-0.3926437733985467,1.5822860361717672,0.15878192314492967,0.3926437733985467,-1.0412180768550703,0.21601937008520664,-0.003453938194844852,0.0040024506940454785,-1.2524809719753698,0.468002619222675,0.3320608834677542,0.5738387246680635,16.344434713806635
554,4.5973040999997465,258.967282525189,367.89315154445933,55.941949243769066,79.47204685529557,-1.6584726023359595,0.31645720723435433,2.4,1.6584726023359595,1.2,0.21601937008520664,-0.002918249686153729,0.003365424460795907,-1.1780914092388242,0.5397813112627514,0.3867891005771328,0.6640554738226337,-1.0659427802174415
555,4.606396899999709,259.05613642719567,367.8276045975406,55.96114340771016,79.45788744511117,-0.33169452046719194,1.6432352891031219,0.0,0.33169452046719194,-1.2,0.21601937008520664,0.01627591425494046,0.017524834645200826,-1.142842402941515,0.5657627381952731,0.35346961631518986,0.6671043738338257,3.7932789179501727
556,4.612959399999909,259.06862242467,367.83486135446327,55.96384062501946,79.45945504517047,-1.5444272829996883,0.4305025265706255,2.4,1.5444272829996883,1.2,0.21601937008520664,0.018973131564237633,0.015957234585897595,-1.431410277463303,0.5906600236138041,-0.026810439604501524,0.5912681821028815,-10.09473152286523
557,4.622356499999569,259.0757722443511,367.85494031420177,55.96538512456319,79.46379248940515,-1.7869738355061877,0.18795597406412612,1.4951879173163567,1.7869738355061877,0.29518791731635663,0.21601937008520664,0.020517631107971113,0.01161979035121874,-1.1731350828364109,0.547933227057854,0.20550871097904028,0.5852047945824611,-12.766917337693956
558,4.627454199999647,259.0803749458534,367.8763022172223,55.966379397242406,79.46840707423947,-1.8354831460074876,0.1394466635628262,1.3332187939234315,1.8354831460074876,0.13321879392343142,0.21601937008520664,0.021511903787185815,0.0070052055169043115,-1.4170977196922825,0.12884105369127613,-0.16890807559491325,0.21243812067859955,-2.8456656013319854
559,4.639206800000011,259.0726678941782,367.8177617725673,55.96471452479432,79.45576120426058,-0.36709662920149755,1.6078331803688164,0.0,0.36709662920149755,-1.2,0.21601937008520664,0.019847031339097043,0.01965107549578704,-1.4566580693290816,0.06389446301858898,-0.21806479478592325,0.22723282581849977,6.693390719077977
560,4.644586199999594,259.0730528378024,367.8256028576926,55.964797680073524,79.45745503053014,-1.5515077047465495,0.4234221048237645,2.4,1.5515077047465495,1.2,0.21601937008520664,0.01993018661830348,0.0179572492262281,-1.1689524634751915,-0.04373930726450227,0.3302021744463758,0.333086479775288,-10.315800385532318
561,4.654569999999694,259.07704006491934,367.8480022769231,55.96565899836372,79.46229373896259,-1.742229031183685,0.23270077838662906,1.4272553525018359,1.742229031183685,0.22725535250183593,0.21601937008520664,0.02079150490850168,0.013118540793783495,-1.1317824360544133,-0.10486485697414849,0.440455080813434,0.45276629340375735,3.620687981694595
562,4.659747599999719,259.0680805118353,367.79336043251203,55.963723561350264,79.45049004215261,-0.34844580623673704,1.626484003333577,0.0,0.34844580623673704,-1.2,0.21601937008520664,0.018856067895043793,0.024922237603760777,-1.4298122977577576,-0.20661099671964875,-0.10150692318064147,0.2301993905706254,19.65140217834786
563,4.6705613999997695,259.0625447251268,367.8110796711163,55.96252772419257,79.4543177409143,-1.6496330089035975,0.3252968006667165,2.4,1.6496330089035975,1.2,0.21601937008520664,0.01766023073734857,0.021094538842064026,-1.1938005943171768,0.05366253397031778,0.1442361130723157,0.1538951716797033,10.065700679145035
564,4.6749056999997265,259.04946491663327,367.84393660479077,55.959702232200954,79.46141547502958,-1.8572459377182198,0.11768387185209428,1.7164499166527964,1.8572459377182198,0.5164499166527965,0.21601937008520664,0.014834738745733489,0.013996804726787104,-0.8602127555821854,0.045046156639966695,0.8218816773761894,0.8231152093326494,9.87901469849941
565,4.6869174999997085,259.1226872740802,367.79312221272113,55.97551967973279,79.45043858206344,-0.371449187543644,1.6034806220266702,0.0,0.371449187543644,-1.2,0.21601937008520664,0.030652186277571047,0.024973697692928454,-0.7934951878351871,0.05980966301673598,0.5953265761231412,0.5983234309540933,26.80600963448274
566,4.69170079999958,259.12364362027785,367.7288286488834,55.975726269035995,79.43654992690267,-0.07428983750872879,1.9006399720615854,0.58165491222965,0.07428983750872879,-0.6183450877703499,0.21601937008520664,0.03085877558077499,0.03886235285369821,-0.7801516742857876,-0.027797349285204345,0.36956426423925925,0.3706082001656044,12.631592293514307
567,4.703082099999847,259.10783809012804,367.6683979581193,55.97231196836917,79.42349572715,-0.01485796750174576,1.9600718420685685,1.1494909558946473,0.01485796750174576,-0.05050904410535271,0.21601937008520664,0.02744447491394908,0.051916552606371624,-0.47201910438840755,0.3524583894668399,0.8219874921420607,0.8943658946670276,-8.511634842028403
568,4.708053599999857,259.0952120860086,367.70252276833844,55.96958450691259,79.43086734715781,-1.5829154411565993,0.39201436841371495,2.4,1.5829154411565993,1.2,0.21601937008520664,0.02471701345736932,0.044544932598554965,-0.7158564575964317,-0.01889048049087695,0.201025232685557,0.20191085763142738,-29.56137755864508
569,4.7196390999997675,259.1622994204279,367.66882527216274,55.98407667063455,79.4235880352605,-0.31658308823131986,1.6583467213389944,0.11472376049455746,0.31658308823131986,-1.0852762395054425,0.21601937008520664,0.03920917717933037,0.05182424449587586,-1.0510094262849115,-0.12257008271439197,-0.5653075433707964,0.5784427748434046,-31.363780363018286
570,4.723276699999587,259.1532076065718,367.70571950163446,55.982112662732426,79.43155790347076,-1.5906359535837642,0.3842938559865501,2.4,1.5906359535837642,1.2,0.21601937008520664,0.037245169277206,0.04385437628560851,-1.4136576958038574,-0.2977089979072176,-1.161900202587985,1.1994343367641767,-49.384914938139865
571,4.734932899999876,259.1275658176586,367.75579846671724,55.97657353964353,79.44237592996245,-1.750054680951128,0.22487512861918635,1.373218812350525,1.750054680951128,0.17321881235052497,0.21601937008520664,0.03170604618831163,0.03303634979391745,-1.4861873497076465,-0.29249120883080326,-1.0517776184014123,1.0916900960499052,-40.985900991644115
572,4.740009199999804,259.0999380242389,367.79894259763637,55.97060540111217,79.45169589794648,-1.8280993150964755,0.14683049447383878,1.3917648095890771,1.8280993150964755,0.1917648095890771,0.21601937008520664,0.02573790765694639,0.023716381809890663,-1.8061571476759046,-0.8541875727396127,-1.5629919844615032,1.7811738693664072,-36.23312109684995
573,4.750576299999921,259.074377206255,367.8445415576122,55.96508376931242,79.461546156557,-1.9455637106755452,0.029366098894769044,1.3515519931120077,1.9455637106755452,0.15155199311200768,0.21601937008520664,0.020216275857201538,0.013866123199363756,-1.8806760096133062,-0.8255995726719894,-1.2491305536477009,1.497311522179798,-11.196771771278826
574,4.755249499999991,259.04068139873175,367.8862452526843,55.957804822196735,79.4705549624967,-1.9164320780726092,0.0584977314977051,1.177480177539305,1.9164320780726092,-0.02251982246069515,0.21601937008520664,0.012937328741514875,0.0048573172596633185,-1.9048119597351614,-0.8743874314418166,-1.287990326025752,1.5567506095066546,6.1241449848054845
575,4.76665869999988,259.01971472224153,367.9190787081906,55.95327561394854,79.4776476248729,-1.963230263270772,0.011699546299542174,1.281794131872109,1.963230263270772,0.08179413187210922,0.21601937008520664,0.008408120493321292,-0.002235345116531562,-1.6140214739782826,-0.3546653713548988,-0.6926528750730028,0.7781744862080773,20.222498808435496
576,4.771313299999747,259.004219146869,367.94326302421564,55.94992826951746,79.48287190558656,-1.8707344315604044,0.10419537800990986,1.0402158006001407,1.8707344315604044,-0.15978419939985927,0.21601937008520664,0.005060776062236982,-0.007459625830193772,-1.2398746072956568,-0.9134991209542362,0.10452647354880273,0.9194598564683022,34.38981885108241
577,4.782664399999703,259.07898905185397,367.8833224699211,55.96608001729364,79.4699235848053,-0.37414688631208093,1.6007829232582333,0.0,0.37414688631208093,-1.2,0.21601937008520664,0.02121252383842176,0.005488694951068851,-1.1551990425528815,-0.69584392817865,0.4476975787729782,0.8274248572663752,41.64366853957184
578,4.787883899999997,258.9988503513424,367.8095375876951,55.948768505689685,79.45398462102503,-0.07482937726241619,1.900100432307898,0.6295614029221257,0.07482937726241619,-0.5704385970778743,0.21601937008520664,0.003901012234464929,0.02142765873134067,-0.8222751600730762,-0.6357805877798818,0.7110177621390019,0.9538150836901702,33.66589598298168
579,4.799528599999576,258.9735513939879,367.82096044672846,55.94330344085816,79.45645217983798,-1.4930542543587333,0.481875555211581,2.4,1.4930542543587333,1.2,0.21601937008520664,-0.0015640525970610497,0.018960099918388096,-0.4600727077958653,0.2215596467718951,1.4632119956724374,1.4798912194338487,2.5854359834016165
580,4.815709099999822,258.9663111273056,367.76890740904537,55.94173940301019,79.44520771542666,-0.29861085087174666,1.6763189586985676,0.4693200529513495,0.29861085087174666,-0.7306799470486505,0.21601937008520664,-0.003128090445031262,0.03020456432970775,-0.693096084527923,0.013175182517897843,1.1249288198511633,1.1250059711690916,5.189378469835305
581,4.820692699999654,259.048615135342,367.7080349577301,55.95951866298171,79.432058086838,-0.05972217017434933,1.915207639395965,0.7233922649103564,0.05972217017434933,-0.47660773508964366,0.21601937008520664,0.014651169526487706,0.04335419291837184,-1.0669663848743347,0.6002399047214072,0.09730550729904713,0.6080759039549988,-19.04813173781272
582,4.831476399999701,259.06763474086677,367.7355261954872,55.963627266186435,79.43799672670114,-1.53926376997237,0.43566603959794437,2.4,1.53926376997237,1.2,0.21601937008520664,0.018759772731215207,0.037415553055225814,-0.8461227691623671,0.9745341434155917,0.28643669595649085,1.0157572433771922,-31.831902893277856
583,4.836211699999694,259.0592747130487,367.7812173643015,55.961821338243276,79.44786690420686,-1.9441808789944741,0.03074893057584016,2.0955602641130637,1.9441808789944741,0.8955602641130636,0.21601937008520664,0.016953844788055505,0.027545375549507867,-1.1179428155512237,0.9688097749932209,-0.07857670710183726,0.9719910899907381,-31.330328267131943
584,4.847497999999632,259.1325326064848,367.74288124537225,55.97764646223712,79.43958555994426,-0.38883617579889485,1.5860936337714195,0.0,0.38883617579889485,-1.2,0.21601937008520664,0.03277896878189779,0.035826719812106944,-1.488295594360245,0.16899514459680237,-0.7777571479262092,0.7959054843683422,-15.959259776335802
585,4.852897899999789,259.1294008518165,367.7711313831204,55.97696994256641,79.44568813690545,-1.657711082816029,0.3172187267542854,2.4,1.657711082816029,1.2,0.21601937008520664,0.032102449111192755,0.02972414285092384,-1.5525199587157992,0.008016752290882945,-1.0315402189754326,1.0315713701345035,-32.58011709858388
586,4.863143599999603,259.10893407525884,367.8117937710731,55.97254872238675,79.45447200033713,-1.911486064219456,0.0634437453508585,1.4875251571084211,1.911486064219456,0.2875251571084211,0.21601937008520664,0.027681228931527357,0.020940279419235708,-1.53371688236816,0.06182806018015834,-0.7433177581939948,0.7458847086998013,-21.917114716720018
587,4.867803999999978,259.09978906080687,367.8510502494089,55.97057322212542,79.462952160059,-1.8603855917501413,0.11454421782017321,1.1291743070542348,1.8603855917501413,-0.07082569294576506,0.21601937008520664,0.025705728670196493,0.012460119697365712,-1.825573942879882,-0.3508832432151029,-1.1059081234789736,1.160237832492086,-15.322774172871542
588,4.87950839999985,259.09370336871734,367.8859040418444,55.969258594753704,79.470481254346,-1.8501654972562782,0.12476431231403629,1.2299079748780712,1.8501654972562782,0.029907974878071262,0.21601937008520664,0.024391101298483875,0.004931025410371603,-1.8734204526384768,-0.3616918540033535,-0.9596817330486744,1.0255778985526602,-12.76563078853352
589,4.885581999999886,259.075107360734,367.9162468234494,55.96524149682305,79.47703588291495,-1.8481214783575057,0.12680833121280877,1.2352447432494176,1.8481214783575057,0.03524474324941767,0.21601937008520664,0.020374003367827243,-0.00162360315857768,-1.8724648522464455,-0.3461504375740351,-0.9650265001926054,1.0252298627657528,-12.495697279695829
590,4.8961451000000125,259.0663384856913,367.935757262503,55.96334724995996,79.48125051566939,-1.8969436316090014,0.07798617796131313,1.2858261710871108,1.8969436316090014,0.08582617108711096,0.21601937008520664,0.018479756504738987,-0.005838235913017797,-1.8630415544336645,-0.3044550807506121,-0.6335870020670409,0.7029405276288757,3.88875111871938
591,4.899635599999783,259.06062148665717,367.95004191572343,55.96211226742983,79.48433627745996,-1.9067080622593005,0.06822174731101405,1.2677828871697152,1.9067080622593005,0.06778288716971534,0.21601937008520664,0.01724477397461044,-0.008923997703590203,-1.8519247171367332,-0.28254231035741856,-0.7438321664470046,0.795686149799877,11.668310547751506
592,4.915069899999708,259.04523044490645,367.9616468314699,55.95878750428589,79.4868431640494,-1.813269102686235,0.1616607068840794,1.177427980571609,1.813269102686235,-0.022572019428390905,0.21601937008520664,0.01392001083066674,-0.011430884293034183,-1.5540836738960968,0.13826182679339816,-0.2593675585435005,0.2939181232470427,11.495298178791858
593,4.917063999999755,259.0452050111289,367.9726733655823,55.95878201009729,79.48922510900258,-1.7945813107716222,0.1803484987986923,1.1438821936529648,1.7945813107716222,-0.05611780634703521,0.21601937008520664,0.013914516642067554,-0.013812829246205638,-1.4846692738417195,0.14051628571598065,-0.17959893675749866,0.2280364107677524,27.341282454824686
594,4.9282531999997445,259.11992857211817,367.90310333895417,55.9749237466727,79.47419663567356,-0.3589162621543245,1.61601354741599,0.0,0.3589162621543245,-1.2,0.21601937008520664,0.030056253217480844,0.0012156440828050563,-1.4925881516433441,0.14596797891365337,-0.0505192211552178,0.15446307835294026,27.410934241433328
595,4.93180779999966,259.11716323433814,367.9031058518284,55.97432638014739,79.47419717850308,-1.5498716313371148,0.4250581782331997,2.4,1.5498716313371148,1.2,0.21601937008520664,0.029458886692168562,0.0012151012532939376,-1.207786429156794,0.06014412798338159,0.40740615902187777,0.4118216780839019,14.828692471880705
596,4.94531649999999,259.0967422856353,367.9180295757501,55.969915059672054,79.47742099194396,-1.9463024512674232,0.028627358302891315,1.53413119208078,1.9463024512674232,0.33413119208078,0.21601937008520664,0.025047566216834127,-0.0020087121875889125,-1.160058262393859,-0.13851686979918826,0.6284054103550887,0.6434907015509336,5.456920657535756
597,4.9518756999996185,259.0771717164283,367.85343927870315,55.96568743763976,79.46346823666227,-0.38926049025348464,1.5856693193168299,0.0,0.38926049025348464,-1.2,0.21601937008520664,0.02081994418453803,0.011944043094104018,-1.446130304822522,-0.725718492920084,0.2340352665363655,0.7625220239107494,5.353135163561446
598,4.959250799999609,259.0431653045954,367.8564948904766,55.95834139397675,79.4641283079928,-1.555940476956947,0.41898933261336757,2.4,1.555940476956947,1.2,0.21601937008520664,0.0134739005215323,0.011283971763575096,-1.5349926625270047,-0.7633238543949665,0.11821187771539804,0.7724230412936866,-17.085166194823707
599,4.964546199999859,259.006557012184,367.87190723091993,55.95043329371014,79.4674576720669,-1.7892764742976395,0.18565333527267502,1.678189877713962,1.7892764742976395,0.4781898777139622,0.21601937008520664,0.005565800254920816,0.007954607689470095,-1.5414882785991513,-0.7661016416672174,0.02402229401420769,0.7664781771028517,-19.510834571276156
600,4.974791599999662,258.98966873302646,367.8993809214995,55.946785098284714,79.47339252139982,-1.994183419859528,-0.019253610289213574,1.4416683784875433,1.994183419859528,0.24166837848754325,0.21601937008520664,0.0019176048294937686,0.002019758356553325,-1.8700530268135807,-0.6828521425055677,-0.4950343029102382,0.8434133088719133,-11.02136224215859
601,4.981362799999715,258.979312630034,367.92096644619517,55.94454797943974,79.47805541284752,-1.9787805316281557,-0.003850722057841205,1.2179343598163823,1.9787805316281557,0.01793435981638242,0.21601937008520664,-0.0003195140154801379,-0.0026431330911549367,-1.9265337987220912,-0.3948018434741346,-0.5622427708671287,0.6870119569577532,-8.701134984978582
602,4.991046599999663,258.9690789509655,367.9419496803964,55.942337306533716,79.48258819788204,-2.0320842313256313,-0.05715442175531682,1.2975043023685786,2.0320842313256313,0.09750430236857854,0.21601937008520664,-0.002530186921504196,-0.00717591812566809,-1.9378299531037932,-0.1013050951211623,-0.4620388463351555,0.47301439493976205,-8.46430636799092
603,4.996091399999841,258.97945235492887,367.9518875665835,55.944578162723516,79.48473497379614,-1.8383443364995014,0.13658547307081315,0.8545557793649907,1.8383443364995014,-0.34544422063500924,0.21601937008520664,-0.0002893307317037852,-0.009322694039767043,-1.9400891839801337,-0.05661808760572931,-0.4483656932172098,0.45192632441392383,-1.229577525866684
604,5.0067206999997325,258.9781776028924,367.9581714766068,55.94430279159159,79.48609242008105,-1.8457572462061502,0.12917256336416427,1.245736492401614,1.8457572462061502,0.045736492401614065,0.21601937008520664,-0.0005647018636310008,-0.010680140324680565,-1.9405410301554018,-0.00012126885589774927,-0.3431512002200444,0.34315122164811307,0.024892281065419852
605,5.0120107999996435,258.97492922738326,367.97068300587046,55.9436010795603,79.48879515275138,-2.0054795742412304,-0.030549764670915858,1.543894374064803,2.0054795742412304,0.34389437406480294,0.21601937008520664,-0.0012664138949176618,-0.01338287299500962,-1.9188296415779555,0.1504949155747188,-0.3081042017470409,0.34289490918942356,-0.773471544208649
606,5.022885799999585,258.97201142061533,367.97992203320587,55.942970776780264,79.49079096161658,-1.9810397625044962,-0.006109952934181706,1.219026871857552,1.9810397625044962,0.01902687185755217,0.21601937008520664,-0.001896716674956167,-0.01537868186021285,-1.944090635346841,0.028228669915345166,-0.25742792980946494,0.2589710347725713,-0.7798716562555212
607,5.027814399999897,258.98398491081787,367.98660343310615,55.94555728259154,79.49223427341433,-1.9235272884383994,0.051402521131915124,1.1236681928883896,1.9235272884383994,-0.07633180711161042,0.21601937008520664,0.0006897891363166764,-0.016821993657956114,-1.9695139278506184,0.02522160788445571,-0.2435411234325159,0.2448436405280913,-0.5277204354834846
608,5.038411099999848,258.9757859615912,367.995048685425,55.94378615074423,79.49405861150045,-1.96464930534393,0.01028050422638449,1.280009188733727,1.96464930534393,0.0800091887337272,0.21601937008520664,-0.0010813427109894747,-0.018646331744079703,-1.9745985863513742,0.03983908110824557,-0.19076727169341728,0.19488279640055317,-1.635389454518001
609,5.054297999999562,258.97277492057356,367.9993343759461,55.9431357075603,79.4949844036672,-1.9728737087250363,0.002056100845278186,1.246575428771082,1.9728737087250363,0.04657542877108201,0.21601937008520664,-0.0017317858949184028,-0.01957212391083374,-1.9552444243015252,0.10145053093685319,-0.138351432956759,0.1715614444697817,-0.8328993050284734
610,5.058937599999808,258.9714957320965,368.0046401125412,55.94285937807127,79.49613054554432,-2.0309028667450075,-0.05597305717469303,1.3676422113278894,2.0309028667450075,0.1676422113278894,0.21601937008520664,-0.002008115383951292,-0.020718265787948553,-1.9618984942353053,0.08720366093350662,-0.07197768550225217,0.11307194917603176,-0.10540158291995383
611,5.070206699999744,258.98454263419603,368.00054204717827,55.94567776164437,79.49524528404605,-1.8842689522552516,0.0906608573150629,1.1095368023907786,1.8842689522552516,-0.09046319760922136,0.21601937008520664,0.0008102681891486441,-0.019833004289679934,-1.9428582144720614,0.1743804215641354,-0.025134388011073535,0.17618248745427786,0.7034277656047194
612,5.075117699999737,258.99485392026776,367.9996548599391,55.94790519916635,79.49505363441749,-1.9567976381073005,0.018132171463014046,1.3888035136528352,1.9567976381073005,0.18880351365283515,0.21601937008520664,0.0030377057111294903,-0.01964135466111827,-1.9503270139881623,0.26050427566827394,-0.030556715359438054,0.2622902790707459,-0.07082357092264491
613,5.086167899999964,259.00860117537945,367.9964804874457,55.95087487255598,79.49436790847105,-1.86944790652771,0.10548190304260441,1.1603428908779496,1.86944790652771,-0.03965710912205023,0.21601937008520664,0.0060073791007582145,-0.018955628714678596,-1.9109406469382575,0.3155779537899845,0.019855586418059956,0.3162019753737769,0.17884048392038265
614,5.090877199999795,259.0170962777316,367.99834192361925,55.952709979214895,79.49477001474072,-2.010217706305542,-0.035287896735227475,1.541134588503997,2.010217706305542,0.34113458850399725,0.21601937008520664,0.007842485759674389,-0.01935773498435367,-1.9234344672782768,0.2653287694143759,-0.011462190269267293,0.26557623704826444,-0.5277350322251666
615,5.104320799999641,259.0305268160149,367.9980290844204,55.95561123563477,79.49470243541404,-1.8339710314954836,0.14095877807483093,1.1076147729006878,1.8339710314954836,-0.09238522709931207,0.21601937008520664,0.010743742179549542,-0.01929015565767145,-1.9259332313462805,0.17326906865818326,-0.042788233835627035,0.17847409646345466,-0.01997206459621592
616,5.109933599999749,259.0304969994139,368.0000565875114,55.9556047946714,79.4951404153546,-1.946738053955347,0.028191755614967562,1.4418923015275995,1.946738053955347,0.24189230152759966,0.21601937008520664,0.01073730121618155,-0.01972813559822839,-1.9362791755661313,0.1603102966141208,-0.04652540813959491,0.16692514730580074,-2.2818314543714067
617,5.118978599999991,259.03021488706054,368.0049808827177,55.95554385293853,79.49620415850319,-1.9692914584473196,0.0056383511229949335,1.2663853878036764,1.9692914584473196,0.06638538780367653,0.21601937008520664,0.01067635948331258,-0.020791878746820203,-1.9270715089413515,0.058001475408549136,-0.020706424789993558,0.061586745141728266,-1.7006875297165018
618,5.124019099999714,259.03497376571045,368.0039689145271,55.9565718629068,79.4959855537721,-1.921177627626964,0.05375218194335041,1.1450436495292222,1.921177627626964,-0.05495635047077776,0.21601937008520664,0.0117043694515786,-0.020573274015731613,-1.9661101025695207,-0.10921492678307648,-0.10924281458912016,0.15447295158565993,-0.4054874078214803
619,5.134771300000011,259.0289079311737,368.00179331505757,55.95526152515113,79.49551558214515,-1.964179373181643,0.010750436388671458,1.2813727231117809,1.964179373181643,0.08137272311178087,0.21601937008520664,0.010394031695909689,-0.020103302388776,-1.9633929189514043,-0.14210271797499088,-0.10161929641700379,0.174698780362562,0.2542485064443269
620,5.139563999999609,259.0151462943169,368.01150332144016,55.952288745025974,79.49761313160744,-2.029163999636329,-0.054234190066014376,1.3782795512905932,2.029163999636329,0.1782795512905932,0.21601937008520664,0.00742125157075435,-0.022200851851067682,-1.9332462107434063,-0.05256641502285318,-0.048114643854182695,0.07126181966221243,13.779015921781339
621,5.150471999999809,259.00678492563,368.01351883573113,55.95048252742918,79.49804852173497,-1.9331521358647659,0.041777673705548635,1.1527698742063308,1.9331521358647659,-0.04723012579366911,0.21601937008520664,0.005615033973960237,-0.02263624197860281,-1.9173706776955566,-0.055951037385672316,-0.04117787697911854,0.06947039755925052,16.771968800449407
622,5.155121699999654,259.0162760043567,368.0102919403781,55.95253278427716,79.49735144983347,-1.8185579174073283,0.1563718921629862,0.992051042861674,1.8185579174073283,-0.20794895713832598,0.21601937008520664,0.007665290821940118,-0.02193917007710411,-1.5982068015547364,-0.778029743527466,0.6953275976336102,1.0434609479249055,17.414487209768975
623,5.166982799999914,259.02654519737825,368.00600621263357,55.95475112888496,79.49642564962575,-1.8417999623877157,0.1331298471825988,1.2585879944330152,1.8417999623877157,0.05858799443301525,0.21601937008520664,0.00988363542973758,-0.021013369869379517,-1.5125722685140723,-0.677548629465598,0.858483724151561,1.0936482295161656,15.684957334306306
624,5.171925199999805,258.94115320608284,367.92075204143964,55.936304804715,79.47800909726729,-0.36835999247754314,1.6065698170927714,0.0,0.36835999247754314,-1.2,0.21601937008520664,-0.008562688740219926,-0.002596817510919891,-1.4954453619059396,-0.7600696226894433,0.7726906821765875,1.0838619476934288,28.30118194358171
625,5.1830291999999645,258.9350945148996,367.9013153296959,55.93499601006206,79.47381039103988,-1.6009913344330087,0.3739384751373058,2.34427489286538,1.6009913344330087,1.1442748928653799,0.21601937008520664,-0.00987148339316235,0.0016018887164932494,-1.521623252068688,-0.8399718186930227,0.7046971886390372,1.096426369563514,9.745307580439079
626,5.1875286999998025,258.9230512776507,367.91108170107634,55.93239443753776,79.4759201164335,-1.8475176028241018,0.12741220674621268,1.7870321025011369,1.8475176028241018,0.587032102501137,0.21601937008520664,-0.01247305591746084,-0.000507836677130058,-1.2312411543199877,0.03331170601206834,1.3944769431930606,1.3948747667280015,5.375905300147546
627,5.198680999999851,258.92519030964706,367.92089328903864,55.93285650988221,79.47803960948465,-1.9494473682210707,0.025482441349243823,1.3325933857410848,1.9494473682210707,0.1325933857410848,0.21601937008520664,-0.012010983573013334,-0.0026273297282841668,-1.5004303597702477,0.8454854139460602,0.6424392937086983,1.0618727943103505,4.454119624683689
628,5.203081199999815,259.01794155934533,367.8490511420839,55.952892576416644,79.46252031415392,-0.38988947364421417,1.5850403359261003,0.0,0.38988947364421417,-1.2,0.21601937008520664,0.008025082961424346,0.012891965602449318,-1.5647931032040496,0.8551205305462369,0.3597739878495019,0.9277221804477951,5.709803894815167
629,5.214337099999739,259.03506400311755,367.850820219603,55.95659135593464,79.46290246916523,-1.714306019728843,0.2606237898414716,2.4,1.714306019728843,1.2,0.21601937008520664,0.011723862479421143,0.012509810591140536,-1.57766565189081,0.9901388956935757,0.393380191399168,1.0654215164668581,-12.836591015079703
630,5.218875999999909,259.0335996799786,367.8725713879086,55.956275033772556,79.46760114284122,-1.9228050516020188,0.05212475796829574,1.7000525695292166,1.9228050516020188,0.5000525695292167,0.21601937008520664,0.011407540317335929,0.007811136915151451,-1.5598690678781622,1.0608430920048353,0.27424978407757994,1.0957194029134367,-10.864326288828035
631,5.230356799999754,259.03874965143996,367.88856063262165,55.9573875273636,79.47105512941228,-1.911880346257904,0.06304946331241057,1.2309801269848375,1.911880346257904,0.03098012698483745,0.21601937008520664,0.012520033908380412,0.004357150344091565,-1.8835753760756326,0.12824626183317178,-0.48715886864320546,0.5037567537729994,-8.155843166935757
632,5.234891699999935,259.047040928485,367.90505489204213,55.95917860380807,79.47461820894232,-1.8604644481578307,0.11446536141248376,1.126097636697651,1.8604644481578307,-0.07390236330234906,0.21601937008520664,0.01431111035284971,0.0007940708140523611,-1.9483166377151266,-0.03146018468830071,-0.6583921019615616,0.6591433100214136,-9.118686363630761
633,5.2468275999999605,259.04098844257044,367.9205309959598,55.95787114961336,79.47796134716198,-2.0084210146315664,-0.033491205061251916,1.3664182683528305,2.0084210146315664,0.1664182683528306,0.21601937008520664,0.013003656158140586,-0.002549067405610117,-1.9612648900430254,-0.048985921307553096,-0.5174656492504535,0.5197791056213621,-10.510912774931358
634,5.250921599999856,259.032082437791,367.9374005102204,55.95594728007093,79.4816054890062,-2.0380123279263134,-0.06308251835599887,1.3153388603695437,2.0380123279263134,0.11533886036954388,0.21601937008520664,0.011079786615709963,-0.006193209249829579,-1.9856562983211052,-0.0919964169574042,-0.5064678579014118,0.5147553125711722,-4.818288631996394
635,5.262935899999775,259.02333280427194,367.9557856744301,55.95405718974967,79.48557704059769,-1.9875463132415128,-0.012616503671198265,1.2000687526696736,1.9875463132415128,6.875266967373839e-05,0.21601937008520664,0.00918969629444888,-0.01016476084132023,-2.0221825291954714,-0.1862198014028301,-0.4354446129825796,0.4735924676449764,-1.9251859406381089
636,5.277773499999967,259.0152173563414,367.97267292007234,55.95230409579975,79.4892250127638,-2.033837387648303,-0.05890757807798841,1.2742281996983262,2.033837387648303,0.07422819969832622,0.21601937008520664,0.007436602344526477,-0.013812733007426914,-2.0182109199015943,-0.19313164264420327,-0.40841676852396924,0.4517788045072607,-1.8823563288070353
637,5.2819698999996945,259.01373781076506,367.9810374927134,55.951984485296336,79.49103192247676,-2.043095602529661,-0.06816579295934644,1.2652857249904437,2.043095602529661,0.06528572499044372,0.21601937008520664,0.007116991841115805,-0.015619642720395177,-2.017416598042819,-0.165480962483645,-0.33780327578786595,0.3761582141566585,-1.3849544105394251
638,5.2947393999997985,259.0052197310116,367.9896059918307,55.95014441507366,79.49288288425865,-1.9885629681621824,-0.013633158591867867,1.199452806454879,1.9885629681621824,-0.0005471935451209914,0.21601937008520664,0.005276921618438735,-0.017470604502278775,-2.0285345891398143,-0.15413708975528378,-0.2953980249206986,0.33319399089010904,-0.8277948978936673
639,5.298869299999751,258.99887878529194,367.99987342178576,55.94877464797355,79.49510084800994,-2.0340407186324367,-0.05911090906212224,1.3531944262360156,2.0340407186324367,0.1531944262360156,0.21601937008520664,0.003907154518330458,-0.019688568253570793,-2.0428687830623384,-0.14363211227419057,-0.32366084218644275,0.3540995967820114,-1.4713769995253905
640,5.310136899999634,258.99363143948705,368.00605661228235,55.94764111963816,79.49643653692613,-2.0431362687264873,-0.06820645915617285,1.2513533783492188,2.0431362687264873,0.05135337834921893,0.21601937008520664,0.0027736261829431896,-0.02102425716975631,-2.045735621846843,-0.14038485096728417,-0.249815450502953,0.28655831115341945,-1.3531510805310412
641,5.314153599999827,258.9924111557702,368.0132557912542,55.94737751471832,79.49799169903275,-2.1055083572609226,-0.13057854769060806,1.3998188918860763,2.1055083572609226,0.19981889188607632,0.21601937008520664,0.0025100212630988494,-0.02257941927638285,-2.0575858450724938,-0.13917619362234251,-0.29233153112081317,0.3237711181662792,-2.201900511529427
642,5.325566499999695,258.9892450618918,368.0164975415636,55.946693577113074,79.49869197989256,-2.0574297964521846,-0.0824999868818701,1.201472375914553,2.0574297964521846,0.0014723759145529244,0.21601937008520664,0.0018260836578534168,-0.023279700136185966,-2.048679034248874,-0.050749667910991,-0.19880298076500505,0.20517834669898,-0.8682680949276315
643,5.330135699999573,258.98632493734794,368.0240599933011,55.94606277364855,79.5003256159532,-2.047814084290437,-0.0728842747201226,1.2223712956125283,2.047814084290437,0.022371295612528395,0.21601937008520664,0.0011952801933290402,-0.024913336196831892,-2.072047818568525,-0.0776425293405355,-0.2077581416247046,0.22179226265527555,-0.43171142368338156
644,5.342359899999792,258.9925758022081,368.02798765457527,55.94741308153812,79.50117406686755,-1.9895066645143376,-0.014576854944023054,1.1945757446912884,1.9895066645143376,-0.005424255308711587,0.21601937008520664,0.0025455880829028388,-0.025761787111179046,-2.0329630305105804,-0.024607452217680355,-0.09360892091366382,0.0967892389641844,0.7338330174961553
645,5.346413599999778,258.9881647025052,368.03105239460086,55.94646019855892,79.50183611007736,-2.1599801903247426,-0.18505038075442815,1.6662304140439863,2.1599801903247426,0.46623041404398635,0.21601937008520664,0.001592705103696801,-0.026423830320993602,-2.025146072898991,-0.017050100991459975,-0.07575179847561564,0.07764689894715222,17.0460790152334
646,5.35795539999981,258.9988264539466,368.02124423878695,55.948763343389295,79.49971735843674,-1.9100844169711986,0.06484539259911593,1.024202761451344,1.9100844169711986,-0.1757972385486558,0.21601937008520664,0.003895849934075102,-0.024305078680370684,-1.9919347321579235,0.049466078756851446,0.03306537362873471,0.05949967966961549,19.58445645042579
647,5.3618735999998535,258.9984248752054,368.0207376954389,55.94867659460258,79.49960793526178,-2.01834500839424,-0.04341519882392553,1.5191914252527674,2.01834500839424,0.31919142525276756,0.21601937008520664,0.0038091011473611047,-0.02419565550540881,-1.6693036944784598,0.9193373166494007,0.9559100817838977,1.326252308665368,18.283086029081556
648,5.373708199999783,259.00908192680913,368.0105173706371,55.950978724176984,79.49740014713602,-1.881757380585098,0.0931724289852165,1.1247662809343255,1.881757380585098,-0.07523371906567444,0.21601937008520664,0.006111230721764116,-0.021987867379650083,-1.5796273404581922,0.989516643542371,1.01855355493612,1.4200684955734943,18.03609162110695
649,5.377851599999758,259.09462430250306,367.9233446746905,55.96945753428998,79.478569156269,-0.37635147611701963,1.5985783334532948,0.0,0.37635147611701963,-1.2,0.21601937008520664,0.024590040834759463,-0.003156876512633744,-1.5933400188728888,0.8278245612718766,0.8793104638250178,1.2076756170582987,15.538627709708843
650,5.390159899999617,259.10122412982497,367.91480375900466,55.97088322483073,79.4767241530426,-1.711598420223404,0.26333138934691047,2.321634116552329,1.711598420223404,1.1216341165523294,0.21601937008520664,0.02601573137550872,-0.001311873286226728,-1.584805699087078,0.7390167540912681,0.830506270837418,1.1117042901454814,-6.229680796106513
651,5.39453579999963,259.08888940647967,367.92518836650896,55.9682186856635,79.47896742941427,-1.978647809044681,-0.0037179994743665734,1.8524222454334176,1.978647809044681,0.6524222454334176,0.21601937008520664,0.02335119220828119,-0.0035551496578989372,-1.626857380051791,0.5008887897881058,0.667992628765954,0.8349273811661964,-9.314943125107044
652,5.40600859999995,259.0641306157801,367.93666513361944,55.962870307292505,79.48144663341608,-1.9756734094651864,-0.000743599894871938,1.239519796416406,1.9756734094651864,0.039519796416405954,0.21601937008520664,0.018002813837284748,-0.0060343536597144976,-1.9308853920259836,-0.39227120990113085,-0.2452934557259772,0.4626506041704571,-8.56582467912704
653,5.409723499999927,259.04700036634733,367.9474307487369,55.95916984160064,79.48377221481233,-2.0920157854086625,-0.11708597583834801,1.5576246608906537,2.0920157854086625,0.35762466089065365,0.21601937008520664,0.014302348145420751,-0.008359935055963774,-1.960043045202072,-0.6807613259862797,-0.3067208728434982,0.7466683847575677,-7.591594926825852
654,5.4222107999999025,259.0466545715673,367.94868019694985,55.95909514323008,79.48404211982825,-1.8964915359879826,0.07843827358233191,1.083981695759215,1.8964915359879826,-0.11601830424078502,0.21601937008520664,0.014227649774859685,-0.00862984007187606,-1.9545977203685398,-0.5752908381891965,-0.2330757419224527,0.6207123729853707,-5.385850172426719
655,5.426067399999738,259.0229704055871,367.9514873710148,55.95397890461405,79.48464852380148,-1.8573866861038466,0.11754312346646789,1.1383880303673768,1.8573866861038466,-0.06161196963262323,0.21601937008520664,0.009111411158826854,-0.009236244045112585,-1.9331375616518331,-0.7239242167110749,-0.19807808543907113,0.7505339429179411,0.08240434099795346
656,5.437627599999814,259.01860576057646,367.9592158368943,55.9530360567482,79.4863180221325,-1.9514211848770195,0.023508624693294955,1.3230318088273327,1.9514211848770195,0.12303180882733283,0.21601937008520664,0.008168563292983322,-0.010905742376124294,-1.916734934205367,-0.5711681370291598,-0.0980001366425357,0.5795145102060144,1.134294988154656
657,5.441526599999634,258.9967779049879,367.95995776781734,55.94832081713365,79.48647829358313,-1.868372615881654,0.10655719368866046,1.0270351434200582,1.868372615881654,-0.17296485657994187,0.21601937008520664,0.0034533236784284327,-0.01106601382676331,-1.9134544087160736,-0.6523052584437641,-0.08616204013876987,0.6579711599715149,1.909667525643209
658,5.4534953999996105,258.9839051696064,367.9669181528918,55.94554005694526,79.48798187158248,-2.010002648176331,-0.0350728386060164,1.3612241573114718,2.010002648176331,0.161224157311472,0.21601937008520664,0.0006725634900419664,-0.012569591826107285,-1.944446252836965,-0.3995840495136568,-0.08506946241880892,0.4085391365119842,0.987324729926883
659,5.456781499999579,258.97764285734297,367.9663465426175,55.94418727619484,79.48785839269108,-1.8800889085415162,0.09484090102879827,0.8449561362546135,1.8800889085415162,-0.35504386374538643,0.21601937008520664,-0.0006802172603812551,-0.012446112934711095,-1.9302735279111431,-0.4092867926072981,-0.07435691627474035,0.4159863334301479,0.8264105684697087
660,5.469445799999903,258.97394867820293,367.9752444725684,55.94338926194403,79.48978051791414,-2.0123459067083034,-0.03741609713798888,1.3474029257546853,2.0123459067083034,0.14740292575468542,0.21601937008520664,-0.0014782315111929734,-0.014368238157771884,-1.9182068051916037,-0.11697315598562641,-0.05490567830021009,0.12921823683537803,0.33303890571716904
661,5.473374299999705,258.9715831778515,367.9768967504663,55.94287826804818,79.49013744194485,-1.8805575602479108,0.09437224932240373,0.9048742695655311,1.8805575602479108,-0.2951257304344689,0.21601937008520664,-0.001989225407037054,-0.01472516218848341,-1.915793460647696,-0.06744034015730019,-0.04245089498586916,0.07968863134496443,0.7973417209424896
662,5.4856096999997135,258.9858691220996,367.97371637511657,55.94596430872572,79.48945041926517,-1.8080390022839572,0.1668908072863573,1.1796439030952595,1.8080390022839572,-0.020356096904740453,0.21601937008520664,0.0010968152705004286,-0.014038139508798508,-1.9356818854889144,-0.10957173370729624,-0.08467163721223676,0.13847473045947148,-1.8504530978825215
663,5.500458900000012,258.9869229079663,367.9780711225877,55.94619194688485,79.49039112907077,-1.9979359254567917,-0.023006115886477163,1.3706245769502132,1.9979359254567917,0.17062457695021327,0.21601937008520664,0.0013244534296319443,-0.014978849314402964,-1.9396595704571582,-0.08621182824272866,-0.09166094731941439,0.1258340518001634,-2.6286607103862845
664,5.504093599999578,258.9764517963275,367.980990864143,55.94392998394455,79.49102184980235,-1.9795310327476086,-0.004601223177294056,1.1917434475957671,1.9795310327476086,-0.008256552404232807,0.21601937008520664,-0.0009375095106705089,-0.015609570045981513,-1.9721030566695568,-0.028804657168700065,-0.1334484207740925,0.13652175387719565,-3.1321607876361233
665,5.516377199999624,258.9795102879491,367.99160849484434,55.94459067737805,79.49331546369825,-2.032234331549522,-0.057304521979207435,1.2863645155673518,2.032234331549522,0.08636451556735172,0.21601937008520664,-0.00027681607716800727,-0.017903183941882617,-2.008195025396412,-0.11067209274369275,-0.14764689044460866,0.1845207749014479,-2.830181517541714
666,5.52016999999978,258.9822661828271,367.99687215544935,55.945186004053625,79.49445251634648,-2.0427749913099045,-0.06784518173958998,1.271468894361384,2.0427749913099045,0.07146889436138415,0.21601937008520664,0.0003185105984044867,-0.019040236590115,-2.0154134191417823,-0.13534990104093425,-0.1588553250519232,0.20869741255977006,-1.2051105760091683
667,5.532660099999703,258.9731819021521,367.99773030692876,55.943223623464526,79.4946378936885,-1.9884988459182311,-0.013569036347916619,1.1991616396724474,1.9884988459182311,-0.0008383603275525994,0.21601937008520664,-0.0016438699906942134,-0.019225613932135843,-2.016857097890857,-0.01070526801712944,-0.1316124955799806,0.13204715731930386,1.2084031373653108
668,5.5366510999997445,258.9711854901865,367.99993611677127,55.94279235980929,79.49511439134122,-2.0340278941836463,-0.05909808461333177,1.3576149704656624,2.0340278941836463,0.1576149704656623,0.21601937008520664,-0.0020751336459312597,-0.01970211158484858,-1.9854978844219218,0.153388619738176,-0.008979560824907015,0.15365123226902855,0.14433463990757534
669,5.548721599999681,258.97123570360134,368.0020210775327,55.94280320687953,79.49556478325154,-1.9867494264929795,-0.011819616922664977,1.2034454755788517,1.9867494264929795,0.0034454755788518865,0.21601937008520664,-0.0020642865756883566,-0.020152503495168617,-1.9475780925093844,0.07564989860609653,0.07596242908623922,0.10720633279706292,0.610794942061699
670,5.552214099999674,258.9853702662324,367.9951265462386,55.94585654619553,79.49407543094436,-1.875438264204846,0.09949154536546856,0.9216795571569054,1.875438264204846,-0.2783204428430946,0.21601937008520664,0.0009890527403086935,-0.018663151187993776,-1.9764211360800021,0.04162416274704625,0.03205198480083503,0.052534756628974236,0.0916826942504354
671,5.565050299999712,258.97160044009325,367.9877037557003,55.94288199702677,79.49247196440801,-1.8531760317472192,0.12175377782309527,1.2226296328664075,1.8531760317472192,0.02262963286640744,0.21601937008520664,-0.0019854964284533594,-0.01705968465164176,-1.9709128893253758,0.06371227068028677,0.056214730404631805,0.08496675437901324,-1.845702966198358
672,5.568803399999979,258.96591494156627,367.9917760976165,55.94165381921635,79.49335166914351,-2.132714063771319,-0.1577842542010044,1.9903907527688411,2.132714063771319,0.7903907527688412,0.21601937008520664,-0.0032136742388715334,-0.017939389387137794,-1.9810880954432004,0.04911945091563705,0.008314973807406562,0.04981826219040097,-2.7051124566197573
673,5.581050899999809,258.9660499634189,367.991695550283,55.9416829865519,79.49333426935927,-2.006486660410514,-0.031556850840199546,1.1400079325186057,2.006486660410514,-0.05999206748139427,0.21601937008520664,-0.0031845069033167306,-0.017921989602896815,-2.003494230416765,-0.09018292882712942,-0.07437073037127563,0.1168929689408053,-0.4817285592751227
674,5.584928999999647,258.96475620423365,367.9966650374731,55.94140350950766,79.49440777485172,-2.037625457082103,-0.06269564751178858,1.3239963720558783,2.037625457082103,0.12399637205587843,0.21601937008520664,-0.003463983947561644,-0.018995495095353476,-2.0079754574114785,0.1563327868788291,-0.010792192349090873,0.1567048552821551,-0.7979969365352608
675,5.597359499999584,258.97498421707405,367.99591613729797,55.94361295839867,79.49424599790764,-1.9874689390726707,-0.01253912950235625,1.202374439175931,1.9874689390726707,0.00237443917593097,0.21601937008520664,-0.0012545350565531521,-0.018833718151270773,-1.9724447008572958,0.26460624347944317,0.03592444379539227,0.2670337614428383,0.09606765048701804
676,5.600979199999983,258.99175478229586,367.9884962462386,55.947235725333854,79.49264315771488,-1.8755821667207841,0.09934764284953035,0.9313879526780886,1.8755821667207841,-0.2686120473219113,0.21601937008520664,0.0023682318786342194,-0.01723087795851086,-1.9766154050152092,0.27041132834316695,0.04700703043311663,0.27446665991784136,1.2396190817883057
677,5.612898199999563,259.003569188738,367.988540992712,55.94978786597142,79.49265282381988,-1.955060281000407,0.019869528569907535,1.3087877798600063,1.955060281000407,0.10878777986000623,0.21601937008520664,0.004920372516203031,-0.01724054406351172,-1.955647788034292,0.2784528788590264,0.08590419298905548,0.29140270437657323,1.1864031019101313
678,5.616683499999908,259.00411953107124,367.9875450992522,55.94990675057557,79.49243769154202,-2.0273401812000813,-0.052410371629766805,1.434508122011856,2.0273401812000813,0.23450812201185608,0.21601937008520664,0.005039257120351692,-0.017025411785652977,-1.9409293622943586,0.3785591307110552,0.024955793139659614,0.37938082062215434,0.4269472749592676
679,5.628942499999994,259.00231162104905,367.9922170853599,55.94951620699141,79.49344693103806,-1.9327873721775164,0.042142437392798104,1.1645625252035086,1.9327873721775164,-0.03543747479649133,0.21601937008520664,0.004648713536191451,-0.018034651281695346,-1.958356770896372,0.20604431866691325,-0.06015324676927361,0.21464546198743084,1.3217280714233117
680,5.6326546999998754,259.0139674926646,367.9972302967306,55.9520341010356,79.49452988180046,-1.9138768103730035,0.061052999197311,1.1903790620715156,1.9138768103730035,-0.0096209379284845,0.21601937008520664,0.007166607580380457,-0.01911760204409063,-1.961842252616775,0.2804101260754013,-0.06707833370037308,0.2883215941577062,0.8177221437835673
681,5.6447518999998465,259.02171086730675,367.99626344576467,55.953706819948124,79.49432102326384,-1.9627192097308508,0.01221059983946371,1.2826962724493862,1.9627192097308508,0.08269627244938632,0.21601937008520664,0.008839326492903865,-0.018908743507466852,-1.92165922200773,0.3145039104978445,-0.06333798217827312,0.3208183437786116,-0.30037628934719574
682,5.648022299999866,259.03058183059625,367.9967999312654,55.955623119849975,79.49443691452376,-1.9724876896024204,0.0024421199678941186,1.2723925039840043,1.9724876896024204,0.07239250398400439,0.21601937008520664,0.010755626394754358,-0.01902463476739058,-1.9241475182296712,0.2728519927076617,-0.05163420349201498,0.2776946180515508,0.7919066873543913
683,5.661122799999703,259.04282459583266,367.9922190868202,55.958267794284446,79.49344736339226,-1.826425028154859,0.14850478141545542,1.128131845099885,1.826425028154859,-0.07186815490011503,0.21601937008520664,0.013400300829225387,-0.01803508363589401,-1.9464469352865592,0.12993886352988457,-0.00890020516133112,0.13024331809099363,0.4175790598672009
684,5.665061400000013,259.0384466274738,367.9926531603769,55.9573220683173,79.49354113168854,-1.945228853287222,0.02970095628309255,1.5436492751376218,1.945228853287222,0.34364927513762183,0.21601937008520664,0.012454574862083234,-0.018128851932175394,-1.9305357249479371,0.1740266349270791,0.06856047880616753,0.18704493823189608,-0.6202726388289144
685,5.676889899999878,259.0364594962239,367.99692732818016,55.956892809476436,79.49446443472505,-2.0253738956574443,-0.0504440860871298,1.311392280173129,2.0253738956574443,0.11139228017312905,0.21601937008520664,0.012025316021215815,-0.019052154968676405,-1.9637804848333373,0.03267578025701372,0.06373291053259575,0.0716211595854221,-0.156314822938742
686,5.680450099999689,259.0423714048177,367.9902596640763,55.95816989624686,79.49302409012539,-1.8831631580377388,0.09176665153257568,0.8413529667614041,1.8831631580377388,-0.35864703323859576,0.21601937008520664,0.013302402791637746,-0.0176118103690186,-1.9704294368104176,0.06965343301922254,0.09107645087432062,0.11465827765680878,2.0493540775726404
687,5.692664400000012,259.0355409713216,367.99362814844096,55.95669439030563,79.49375174799599,-2.138711489029423,-0.1637816794591085,1.4551565906589596,2.138711489029423,0.25515659065895957,0.21601937008520664,0.011826896850408275,-0.018339468239616963,-1.9513881334558338,0.056269463254155466,0.1199687543052963,0.13250945062324915,7.27209677430915
688,5.696466199999577,259.04234776724445,367.9898926328134,55.95816479007318,79.49294480426317,-1.8596697880402597,0.11526002153005477,0.506389621041082,1.8596697880402597,-0.693610378958918,0.21601937008520664,0.013297296617956533,-0.017532524506805203,-1.915931923566167,-0.03641179435805793,0.1786751878409189,0.18234758435022153,26.272569779217505
689,5.708956699999817,259.02459451017046,367.9829162734377,55.9543297426631,79.49143777550535,-1.850022336514302,0.12490747305601246,1.2324685429981643,1.850022336514302,0.03246854299816429,0.21601937008520664,0.009462249207878415,-0.016025495748976937,-1.5392992919586193,-0.10815421166550292,0.09776149761371918,0.1457897250037314,26.646085423138285
690,5.713596399999915,259.01386194541374,367.978288272461,55.95201130078495,79.4904380376496,-1.8480928462091104,0.1268369633612041,1.2360037059640903,1.8480928462091104,0.0360037059640904,0.21601937008520664,0.007143807329732965,-0.01502575789322691,-1.1115569941527346,-0.08399390872238867,0.10967634939530463,0.13814441110354736,26.33429836445986
